user_id,item_id,rating
337c166f,f414122f-e,1
d38a19bf,fde50f9c-5,3
d7f5f0b0,0d96fc90-3,4
395d4994,964fc44b-d,2
a83c145c,d70e2fc6-e,3
3fdcdae8,0816ee12-5,2
12772337,d41e0b55-c,1
9f0194af,83b7dc04-5,3
7a8559d8,87c9c896-1,5
8911f0d1,31308875-b,3
98857e41,b2b1af7b-7,1
3b857e65,e221cf14-c,5
204fab33,8c9a5f54-b,4
88159234,eeb0635d-a,1
8c1f2f98,38aec303-2,3
a84d7206,69d91fbc-3,2
4578c08e,928b4b24-d,5
ba3964fa,12f03ff4-6,1
78595586,729191af-4,3
195e0c14,089c1cdd-0,3
7f6e9ab5,a38a732e-9,1
d33a1a62,4c021051-3,1
427a8468,e57d04f5-d,5
97f18950,b1d2560c-7,5
426308a5,4dc7c4a3-8,3
57c601ea,ce353020-f,4
a429364b,7fd8663b-b,4
928bddf9,b338a0b6-7,3
0f32a6f6,df52cac6-d,3
d71af9e5,d384b62b-c,3
b0d1473b,7004654f-0,5
9b99bfb0,5bfb14c4-f,1
de4cdcdd,411c40d9-1,1
5f57fbd4,d5b42863-c,1
87f21131,b896f670-9,2
f7d6dfab,6b5e4a98-0,4
ca363a04,7f05dd28-6,1
68d24203,3e56a630-e,1
0ae7336e,1dc3b1a0-4,5
72343250,cc379a88-b,2
021adfb6,1695a728-0,4
a9f47880,c66354db-6,5
005258a0,273c5035-2,4
5e088877,74b72b2f-7,4
f2e7bcc0,5e059f5f-7,5
5a1d9851,dd5071f5-c,3
cc672bd7,db828c6d-0,5
5c2f954d,db26458e-0,4
d5daed7a,ee59d876-b,5
0b32dc6f,919b53bb-2,4
a151d3b5,159dca37-7,1
e9fde811,af65c4a5-5,3
932c893c,847e77d3-d,4
b98d8283,e907e57c-b,1
4319ad38,f8495894-2,1
0b204db3,be68a8d8-7,5
eb65d1ca,e964198d-7,3
2ce76c47,c834b41d-5,2
e186c635,c4ddee78-e,3
8e9eae19,59718054-8,5
1100831a,0a46a91c-d,4
64b48c94,07ce9e62-a,1
88e9aac9,baff7ab2-1,4
a87b658a,2449a91f-2,2
f92a5812,273ceb78-0,4
158e8085,04dcad68-2,2
179ae4c5,6d1089e4-9,4
79aff6cb,32452d43-a,4
4e082c18,df40cf3d-6,4
3a475b95,42559644-1,2
57633cda,54c501ae-e,3
3f09b3c3,893343d5-d,2
12574fb0,ade73cc0-5,1
6b92aea5,663d067f-2,4
cf929cc7,bc84dcb8-5,4
c73916c0,56c95db1-7,2
ddae0858,4dd272cd-4,1
616fca83,c893a571-b,3
0ac5e876,60e53d02-0,5
5d31e0f4,568f353e-6,5
04cdb11d,c2d4aa98-b,4
e54b0416,ec8c9491-b,5
0d9f9cc3,dd1ca92d-a,2
8c2e8d5f,0fa064a8-d,1
849f6eb8,2ad0fe64-8,2
6964d7bb,9a0a1741-8,5
f9941dc2,b46f5c60-7,4
aa8f723f,214f0eed-f,3
0f78333d,c70fab41-e,3
94aa211f,fcbc5388-0,3
414b8fad,2257fd97-e,1
8f081976,34a952b4-a,5
41622516,5d9e94f3-1,4
0b3c2c9f,4ff5749c-e,3
b7f89b7e,74aeba43-c,2
458ce5f7,2228c622-f,1
b9fabe54,e907f4d3-9,5
2403105a,a7298172-c,4
7a5f0316,4118f1cc-3,2
e0424124,3b0a706d-2,1
b717743a,cd9ba20a-7,3
82d284f0,ec8c3655-e,1
83732a37,b3525981-b,3
d8e5dd07,3d832b43-e,1
458c8213,c40efcc0-2,2
b955c6ec,268ce5a6-f,4
1a4639c6,9822591f-3,3
b3cb8c3c,707c9b5c-c,4
3043e68e,cfe90194-b,4
ffda329b,bf258db9-2,1
b2ab489e,137695d9-6,3
56c6e554,f477647f-5,2
03ec5d73,5b91457c-3,2
3f20311f,c0712648-3,1
d5fb8686,412992e4-9,5
a3df5dd4,40ca8015-7,1
8fa5b154,bc26060a-5,4
f9b0b9bf,7f74df77-2,3
6b395741,aef8a1b7-f,4
367debf4,dbc17060-e,3
51dc4386,87d16f8f-2,3
6b4ec06c,4c54fc1d-0,2
313b6efb,7f15c4cf-6,4
c68d813a,a95d5384-7,4
3b327b6e,69ac51ab-8,3
bba6b57f,d516e842-3,1
98a9ccae,d706b082-4,1
021b5be9,459a15e9-f,5
2ea44e9d,4ccbd0eb-8,4
ccab3064,7b348c44-0,1
ab1add51,ced724ce-2,4
f979e9ea,4cebabca-e,1
8f30f97d,6b4b6852-a,5
b8e38e07,61a3694b-7,5
b1fe155c,4843631e-4,1
9daac50a,b503bda4-8,5
02f68644,c6e0579d-9,1
ab51add8,b93bd2ee-b,3
173a7d55,cf9bf8ad-9,5
c9939103,7ae18ecd-b,1
46b35e44,9f5d4e87-5,4
1b4424dd,0de24149-d,1
16b4c497,b1cd2571-8,2
ebbfafc3,6518b3f5-9,4
f2c0a566,2a0374d2-e,5
34dad111,119fec0d-2,5
aa7bdfa3,9e012e67-8,5
251c90d9,4b06ab84-e,3
598efd02,68235070-2,3
c5642517,477dbdaa-9,3
5e8aed36,e83298b7-c,4
7be076d6,968716f9-d,3
41118f59,5b7f1241-9,2
2da125c1,69a949eb-b,4
d6b94141,e2a4b6ca-c,2
823e9a88,90518d68-1,5
7391f331,1ee7bc15-5,3
6bdb1d9e,7b5dd212-c,4
ab7273bc,eb1e3cad-b,3
839f23dc,2838f818-c,3
42385946,9d19438f-d,5
c7978493,c45f28ae-1,3
b6df8c21,0f772bf6-b,5
c112eed4,42cf5d2e-e,1
92e87211,b2969904-5,5
a7a46866,8d276b60-e,1
a1adb0ae,d13b913f-9,2
f30003fb,5c2c5955-3,4
73bfc396,bc3bb60a-5,1
3e41585f,27e9782e-5,5
599dbf81,ab7ff487-1,4
7cb6d3eb,d5c83689-d,3
73a54189,b7af74f2-2,3
13649191,4750a3de-4,4
fea0052e,7b7268d8-6,1
a0968a8d,1f251a5e-3,2
cd1f4cd0,8e964181-6,3
82f860f7,5a8e414b-b,4
51dacac1,65a4da6f-6,5
38a1e970,5a55a846-e,4
d0d5e3b0,7ce94426-b,5
4ff8266f,f391d9be-7,5
faff6ffa,cde121ac-d,5
8c3265d7,08562850-3,2
8a00dc54,4263e65c-c,3
3d0aec60,43630740-4,5
4f231045,c3297364-0,5
72a44b20,4d7b33d6-4,3
c34605d2,16ee2335-1,5
f836adad,be9ec030-d,2
aec17f43,6eaed388-2,4
f1cbd9ed,31de3bd2-f,2
7c8bf4b9,88870a57-4,2
a5cda6c8,df236be6-3,3
c55dd505,0a074647-b,3
f666dd75,88ef8a42-2,3
c2eefc6e,a0e0a691-6,4
4b3752aa,8afa06d8-5,2
5984c518,cc75f240-f,5
ba0d460e,0cf80cb2-8,5
e0f55269,6b4cb792-5,3
7bdff67a,eabbc369-2,4
10c31378,9883b500-1,1
e651377e,a8f16266-b,1
ba678df8,da23cfa7-8,1
49a759a7,6998026b-c,1
abb2fa33,bf309230-0,3
a3b63775,f10370ff-5,3
1c816115,5fe989c9-0,1
74ba5569,18a5e79d-9,2
e0a14854,8d0bdad7-4,3
171a2e71,928d77c4-3,4
c7cd48dd,f383159c-4,4
b7380b04,8d255132-b,3
d799d699,2cbe2f6f-c,5
d374b1f9,9ea32af8-e,1
e8492835,65ac8845-c,3
3efbfc39,93a8561e-7,4
b267883f,41fbbdbc-9,4
978ce91d,e2cdb444-c,3
4062921e,bcdf7628-1,4
2fb9f48b,1115a4cc-1,4
aa744c61,a1d355b7-1,2
121bdf3e,a0354415-2,3
6894c5b0,96ef0dc9-6,2
152a3010,bc8f50c4-2,3
cc1c878a,8a124bf1-f,4
02d317f1,7951f51e-0,2
4789f600,28cfa86a-5,1
f2e4ad50,612b78d4-f,3
b721c64b,b91ead40-7,2
30d3fca9,88c4fbee-6,5
1e02db52,12e1e7b7-7,4
ccdec6cd,743ba069-f,5
72baa45f,4ee2c2d6-9,4
f3498014,1c303802-d,2
d4438986,fe1e6a78-9,5
b7ce73a5,3ba8563c-f,1
56c899ff,afda448a-a,2
8d6c950e,916025c8-f,4
dcfc3adc,ece88ff7-0,1
94ed2dce,9083e49d-7,5
7341f194,c69635d9-f,4
295a2e0b,23e7a67d-1,5
480b55c6,7bbba576-7,3
4bd29822,948a3b40-d,4
11d1ef2a,b6bfe4cb-f,2
c6952c07,56f9b336-5,3
171c325f,ce4c61d2-d,3
ed799954,d2f40c10-8,5
4e3e6bab,3d8c1bc0-8,2
29b1dbdf,1bec4273-5,3
11692893,e570765e-b,2
6258f6d7,be05d6b5-2,4
ade66e84,06ea5adb-3,3
7bad321f,0d1765cc-2,1
cf78ab9a,23eca2e3-4,5
a1573efd,00bb902e-c,2
8f87ab8c,c1cbbee6-d,4
3be9cded,8730a0ee-7,1
c0895f76,9869b403-1,4
52d2c78c,7936a1cb-1,5
b53aa320,a49efe9f-9,5
fe747fa8,c0b10d64-7,1
fab2b55b,474c66bf-3,2
4632f85b,312bc8fc-8,4
c6781108,f048a4a2-5,3
5bc7097b,118fb0b7-5,1
e7dc9f25,36d0d0c8-a,5
f8fec828,a1d11037-3,5
a0b8e39d,5f7c41ee-8,1
81f9a928,148cb3f3-1,5
91da6560,03855207-2,4
26d5be1a,5409dd3e-8,4
7bf93a72,fb807119-e,1
32839723,a875d9c4-3,1
2c2500ea,c0b273c2-5,5
39d11da5,61c34d6b-7,3
70f75830,e7f6b561-2,4
3066b9d4,e5e1cfb0-8,2
a35fe5e5,108aa207-b,5
a3e73890,06a09e72-0,5
e3c4830d,d0b8fdbd-c,3
186f1145,6a7a755f-3,4
a2dd035d,8fb4616e-1,3
b2de1538,211045d2-8,1
3b7c7e0d,19c38aae-f,4
cab404e5,96cc2aff-a,5
c0b59a57,1f547b94-e,2
5a2835a0,38cc3695-2,3
68376ad1,0c216a89-c,1
e6b61602,8154e3b9-f,3
ed127a6a,9a063b15-b,1
cdce35a4,1c38c5f3-a,3
b7ce1000,4743f61c-6,3
4eada12f,f7dc5f39-8,3
72033276,938a985a-3,1
d3e271bc,8423ce73-6,2
75f9ffb4,67788728-f,4
1ec3ff2a,f103ac45-1,4
9977a28d,2b5c6c6d-1,1
b622561c,adf77823-5,2
6f7f0073,1e180b5a-5,1
0593db79,747539b8-3,5
6531579c,d037e5a2-4,1
6c54fef2,5d6fed7e-c,2
b1a586a8,35303867-3,5
ed87a707,035b2887-1,3
ae15cd88,409255b0-7,3
a87689fb,cb2df151-f,5
d2cafe90,9e7e2170-8,2
43fbc7a3,952d56a9-b,3
0a75e9da,c5cfe88d-5,2
1c74138b,e8999fe4-c,1
f1733214,30884869-f,1
4c95d133,9c80171d-4,1
294af876,d09b26d9-0,1
249fb3ec,2b55fe4e-5,3
ab71021f,7bd70763-d,5
2bca9bc1,f6ac2fc8-b,2
4cc8d249,9837356f-2,2
1171aed4,fa178a1a-9,5
20951b9c,d0248426-8,2
c4eb27aa,3e909d12-3,5
122abbd7,8783e6d7-9,2
bf16d78e,6c60ac1f-5,4
23d9f470,ce33c092-3,2
cc33391a,6917952b-a,1
f196dcc8,dd47ca5c-7,5
5c4cc9cd,dbdf1bd9-4,4
6b76e9a1,affa909a-d,2
d9028424,b728a1fd-f,1
d6e84fa8,9290dba4-3,1
3cce7ee7,35165fca-f,4
2359eacf,f9b277b8-e,3
cea71fcf,6330d18c-c,2
aeb09719,cca83636-7,5
afbfbe33,0e1a71b4-5,4
8ee04e56,f75cd757-e,5
17ec5173,d7756866-3,4
4277aa34,8758e2a7-5,5
4a66b400,f6668874-4,3
b849ee82,99f4f73c-d,5
d8adad87,34731d18-b,1
e3181955,9daf59d4-d,5
b7b776d2,112725bd-9,5
6707ca3f,5471b17a-5,1
3421e7ba,4e770614-0,4
14a322ad,880eab94-7,2
c3a6ef65,a3a6c3c3-5,3
58e5b2b1,2029492d-a,5
913acac1,97aa2898-6,5
d51c7bc1,1a75428d-6,2
531b6e08,741be484-3,4
36e2ff8c,6cc0fabb-0,1
c98a91eb,edc90cdd-f,1
d30c4698,49da2a6d-0,2
29782162,19694848-0,2
fdb2b385,966d092f-4,1
833e59d2,e1fbcf04-4,2
8f46fab4,5ff948e9-e,2
f69c9130,37dd32b9-2,1
c1edff29,f5929b23-f,4
741de2c1,f735c522-7,3
c9c10b75,0bb347fc-8,2
02428050,385d5a98-5,4
cc0dfe20,1879476d-1,4
32d535ae,60552b00-5,5
87bf4ca6,8dc77453-f,2
24af6c3e,68175273-6,1
1828fb43,1716680b-f,4
65aaf4f4,61dc6cda-6,5
faf193a9,3b35362c-0,1
c6a2892f,7321f69d-6,1
4e432e36,70243117-d,4
29421930,ec7ee1d8-c,4
85227829,9f0f06d3-3,3
fcf06f0b,b1f1cec7-8,4
df90d7c9,fbcacc6c-d,3
3adf00f3,28c40ae3-e,5
27dd0710,9eeae0e2-6,1
500dfa44,b8c6b653-c,1
c41750b6,538ed23f-d,3
e6659f20,c612b025-d,4
ea529ab7,5aff8eb0-a,1
83bef224,0a6ec1de-5,1
f14cd9dc,4cf74eeb-1,5
97d33649,66d31bcc-5,3
0be6c0bb,86c443dc-d,2
09ed6fb4,e5071257-0,2
898f9c6d,2d45fe93-4,2
116fecb8,1df471c0-6,2
594294be,ad05bd9b-3,3
ad1e2bd6,26feb22b-9,2
e45edb68,43084da7-3,5
39c35fd6,d3ede683-9,1
3d958865,8b7d3acc-5,2
52ee67bc,c2358c11-c,5
00db7b85,5e1c0286-d,5
d4336610,6f5b3c27-7,4
18fa5e20,1e048fba-3,5
c981b672,5e3bc580-6,3
66ab38ee,b6c438b1-4,1
4f56d40d,6ff74b4d-7,3
0f8a805d,513edd5b-a,2
7d67e3f1,474e681a-a,4
ab9fa9a3,1e7bf1fe-6,5
b428f6cc,f28cdd02-7,2
a03eaa0c,38d8b02d-4,5
6e2c9c02,6eac3727-8,2
5767f51e,db7d8ba8-a,5
08f509e7,0e5c25e6-2,3
0c414eaf,5d6d3c17-6,5
f198455a,d0d702ad-8,4
c7060813,25ea4a1f-0,5
e235eaa8,7c4d897b-7,5
bc022fce,7fe0ba98-f,4
c6a1341f,fa1b70a0-d,4
1738af2a,dce9a48e-f,4
5390cbdf,933712e7-8,2
371ace0c,37cadfa7-8,3
187108d8,27cdeb76-6,1
66f00c2d,cfcc5fd6-b,4
376f737f,210a2d36-7,2
7679f01b,4c798c68-9,2
0513a984,e0f744c7-3,4
f4658b9f,f5819e74-0,3
9826f69a,37800a56-3,2
39b5a2a7,1a3aa7ac-9,4
f720b9b7,6d05da53-3,2
771ce878,2ea64143-d,4
f1807b8c,9a544065-a,1
c78d307b,28dd3466-1,1
18571441,7438ea1f-c,4
4d7042f4,071b5966-3,4
52b9a923,1d4e9360-1,3
f40a9b6d,e5a12194-5,1
0e01eaf1,385838a7-e,4
5b662387,bb11a08f-4,3
c2b48c64,b22c4626-9,5
4ae01f60,2784b792-4,3
3696bfd0,c1e93299-2,4
b5603d04,762221aa-3,3
1a80943e,389afb40-f,3
e14e962f,2830b16b-9,4
2b3198dd,88733fae-e,2
8c24815e,67d80dfd-7,3
e6ee5109,381eab4a-d,2
a1aad5f0,36fe6ac6-2,5
51d656fb,82b6cd96-6,3
dc1a6629,a1f2b6dd-7,1
fcb88b64,5dd58cd8-2,4
0410a28c,ed21c448-4,1
b1851eeb,3eb56196-f,3
128c7985,c3890ccb-8,2
da8e2fdc,4a8e60af-d,5
48f6819e,7bcd7ac9-6,4
13fcb9dd,90a62e58-d,2
db68c3eb,9e13e61e-c,5
71466805,d5ffce9f-3,2
1e5bd791,3bf1badc-6,4
7dd71ecb,8f8a84e9-8,5
3c8ad6d6,531124f2-0,1
e7267a38,4fb52521-f,3
33f0e5f8,ae353616-c,1
9cb99a90,3eed3203-4,3
a69f0bc8,062f7492-d,5
b1ae1119,c18f0916-4,4
eb5ebf37,1ff000e0-e,3
116383a9,69e1b723-6,1
fe8a21d2,5e2b3419-a,5
81b75cf4,91b88773-5,4
b755ad6c,908a54b6-0,4
e3fa60e2,27c745da-8,5
74d77f27,51f72692-9,5
a852ff82,d269fa86-d,2
a5464600,03e902b1-7,4
ee300046,a2075783-1,1
a49da7a4,507cfd45-3,4
2e541d01,d530da77-3,3
6c22afc7,cddf766d-e,4
e4aa32a0,d78da125-0,4
09ca67b7,018f23ea-7,3
1672d24e,b121d823-9,5
a4b13791,98898541-4,5
a8343047,919c0e4d-0,4
16424ec7,0e7f87e5-8,2
ec4f4397,310c2d25-b,3
7c959ad5,73bb6de8-1,2
9cf50531,31dd646d-7,2
3aec426f,267985bd-2,1
1e6e48c2,b8455d97-7,3
9328a910,7dcce976-1,5
ecbb43d3,a7f3a36d-b,5
a577d4b8,f4193c4a-2,5
317bca3f,26c3c2aa-e,3
2efb6b7f,012b2dda-1,4
ed1ebaa0,52cdaea0-8,2
eb1911f4,3ba6780b-a,2
260c8ec5,5024d38a-c,1
a8fc85ce,4af5147b-4,3
fb8277c8,3c7eedc9-a,4
afacdc15,6280a914-4,4
06539e8b,5497ca0e-5,5
f6e5828e,3a6f86b9-b,2
7da79df6,122394b2-e,1
29db5c37,63b737b8-d,5
c8e51376,433fec78-f,2
403ab1e9,4b94f455-e,3
a458dc49,451dc78c-3,3
aca0dcaf,c385a9e4-c,4
a31224b8,ce07178a-6,1
695fccc3,13cd0a57-0,1
501b16d8,3d9f22df-f,5
7d7f6ad1,a0d2dea3-a,5
c814cdcc,56886e5d-7,5
c6b46864,6e4a33e0-e,5
5a627202,5ec4a8b3-d,2
63fef598,4a545c9f-8,4
00d8ac27,f330657b-d,1
0b4f24e1,2fe1f2b3-b,1
59dce1d0,bef56996-5,2
d60ab6ad,84268f41-1,3
d9a0217a,0f8b3bb7-8,4
4720abd8,4396ccca-1,3
c0e9ac8d,4b89d022-8,2
a9fa4694,5afee66b-4,4
c19814f1,17c05cd0-c,5
e7e2b27c,b0d69622-a,3
f3b73afc,f73bf81c-f,5
8a3d2683,b3345786-8,1
fdc23ea4,4023a06e-7,2
753861d7,3f1caf62-f,1
fe1668db,2ad69764-b,5
26dd0325,33850590-0,4
abdb1e26,07fa6d99-0,3
86dbac6e,14161f4b-8,5
942598dd,33b219e4-0,1
aa467976,89d4357f-0,2
c731ecdc,c6438a19-5,4
9798d65d,0a454a94-f,1
cfc35694,fbe1be6d-3,4
ae08fdb3,9d4429b3-b,2
9e064b40,912f767d-d,2
4f2da9a6,4b585842-7,3
19769f0e,c043a23a-d,4
40fcae03,6698a03c-9,3
afc39278,6e225e67-8,4
24315376,15b532b8-c,3
968fb1ae,f1aa4880-3,4
7c9152e1,e4733b2d-3,3
1bc7e890,88ac9198-a,4
5f605f60,ad95ddec-0,5
ad562a2f,2392c4a9-b,1
52a481f3,95d60434-e,3
95f589a9,e9feb788-5,3
f5e44697,0ca7d06c-9,1
1d146f4a,1d45530e-f,5
e4c02adc,33f24bca-a,3
5cf1d75f,3a2603ce-0,4
0353de5b,a8e54bbb-b,4
399a95fc,c97eb78f-6,5
c5481eba,408988b0-2,5
007d82ed,1d0dfece-f,5
ee84c4d8,ad413f74-7,1
f3431ec8,74232b1e-e,5
5b67f35f,f1612cb4-2,4
bec3ba15,1730de82-d,5
b3b50a4f,b99ff610-5,1
7a1822f3,fd68f3df-7,4
19250ed7,68365458-0,2
6f5fd5f2,b1cac920-f,2
82036553,c4e06440-e,5
557f87a5,ceab308d-f,3
1b3596a1,fda392f9-d,4
7f9c9f2c,64049319-8,3
4fd21482,494800ef-2,5
e8613d9e,2ac7fc27-9,4
2753195e,2a34ede3-a,2
4aefa8a6,93f6ad6c-3,1
d9b16d55,f6ffdeea-1,2
6908d999,cbeb110c-d,2
4be691f6,758e3cf5-d,2
13d4dd27,c8304287-0,3
155fe399,b3684052-7,3
8ebce110,f9c3cc85-b,4
257af577,4d81096c-a,4
57dcfe4f,96a4eeb1-a,5
8c2e9d07,d45a02f8-3,3
b1466009,1ac7fcaa-4,2
449c33f0,0ae87429-2,2
48091eea,8baecb87-6,1
b857395f,56534cf5-a,5
cd23f9b3,891369e6-3,5
50483cad,1859fc40-2,3
2a238fbc,eb398faf-6,4
dc5e478b,4da1fb5d-d,2
b24bd3b7,dfc784ec-d,2
26503871,69843943-b,2
065012c5,a4353860-7,4
d312906a,11d34f7e-2,3
5136adde,df7930b9-d,1
d0e8803c,4ac6af27-a,1
1962082e,273017e8-2,5
b753077b,93235dc9-9,5
8ce64055,37a661c4-a,5
101938a5,c4f71922-a,2
292307da,e740000e-2,5
b805a15f,35efff39-b,5
fbef474d,63c30b65-a,4
dcaca6db,06fff043-4,4
7a7d8d61,eba5c94a-6,3
34e04e99,39c7b618-6,1
b2eb65f3,76ca9c3c-c,1
861f12bb,268b335a-8,2
f1c5f192,8164e79d-1,1
de8c7e00,a2f99d43-c,2
79b8569c,d36a344e-f,1
a5ed8855,92411baa-e,2
c2f278b8,ed268cfc-4,5
f9e89622,6390f2ea-8,5
c9aee337,7cbf22f9-2,3
eb72f968,85842870-7,1
6e91de44,28ca7dce-f,3
f581d1f7,30ff2cd8-5,1
a9f8e515,579ede7a-c,2
bb542976,b6add811-e,3
028809d1,e59dd1ef-7,3
8b660196,594121e8-4,4
5516b600,4aa17ee2-e,2
77c9aa5b,d001ebc6-5,4
d1dd56ce,f474b729-5,3
8b67d82f,0412d7ff-f,1
55ade9bd,41f528fa-5,4
70536778,ef18627c-6,4
98cb1265,8029a89d-b,3
db0be3ef,158fd3b5-2,3
b4fffe29,a52fdf17-b,2
9f8bb54c,ad642b46-7,5
03aa0d65,dbebaa55-4,2
2589f4a9,e1afb191-5,4
dbea38e1,1fe67292-0,4
f6207bb8,793480ee-d,1
20603af4,3b3acd49-f,2
222d2020,c5a964e5-1,4
1f5cc3ae,0c4145bc-8,1
86b387f6,98eb0ae1-e,1
7b339542,32f4abf1-e,3
b1b2edb7,ac13377e-b,1
c6d36874,46b7b3a3-0,5
fb1b3d3f,df1e3f0d-5,2
a3ffda9b,347bc94b-6,4
e47fbc15,176b24ce-d,1
48d6fb7f,bc2a8a1a-0,1
c9aec1e2,1587d0c4-b,1
52a3c1ff,2a339668-e,3
3937299c,afd38630-0,3
d8d9cf8b,33d1d69e-5,1
8d992fcd,d86c4787-2,1
eccbc70c,c8ee38d3-1,5
e1e7e360,380bf7e8-2,1
af47fc4e,a7e4d8b4-9,5
03eadaf0,74a43ff7-2,3
a61e1a8f,4cc35f1a-1,2
9c7914f5,7c011ded-7,4
e452c507,a6326e35-d,1
b90a8b2c,05c97ccd-6,1
acba07dd,e10f1782-1,5
dbf58ab7,90ea4fe6-d,1
83976e33,b7e948d3-5,1
7ab838a2,7f6906b4-0,4
ac98d8ba,a8594906-d,2
d7c5fdbb,bea3dc50-a,1
1a6c5c08,a6166130-b,2
d817723a,581a41f1-b,2
88c35a80,b28c2240-7,3
e6e322f8,6f0fcbd8-e,3
d0138d14,e101ab76-7,2
9ea9ff00,2c1cd7b8-c,2
e733dc52,57b27e03-4,1
d7329afe,eb0596ff-1,1
c0811288,4913cc97-2,3
7c5e50fe,bb6469a8-e,4
29b3c37a,fda470b8-1,5
f8d08b85,0b4350eb-5,5
36848d01,d8f3686a-3,1
b96be743,30b35209-e,2
9f5fd63c,c29aa4a8-f,2
812fe840,5e9900af-f,4
d42bcbcb,676d7645-b,5
52516742,ba8a075e-b,1
27e9dd51,a9cf9e47-1,5
5e956744,84478b2a-7,5
8a35a896,f3fa141b-a,4
3c499277,3316625a-a,2
799f099f,329af66f-e,2
9aec0029,efd0a0a2-6,1
45ae61a8,d474e7e9-2,3
7ced0b56,4b0562d6-6,1
47a50dbd,2ab12e1b-6,3
01c083f3,ef5c107c-f,3
e077268b,0bb5397d-8,2
470c391e,868803c9-8,5
451cdc5b,f6a07190-8,2
a48689fb,51393037-0,2
8f4a3a26,4c529cb5-6,2
3f62d926,581977ad-e,1
f7cd3439,05a68613-e,2
1699a74b,38210005-e,4
784fd769,a1ca6a6d-5,5
a6c5b4a7,7b2f61cf-4,1
8e379422,468994c4-8,4
7fc7c936,7cb9f116-e,4
1c98d9cb,9bba74d0-a,4
4e6186ba,1d561c87-f,1
2e1fecb3,3b16bf75-a,4
96af0aa4,aa8da6fc-a,2
99caeb2a,576781f7-3,2
48d36506,6eb3c1f2-9,5
577a37c4,17546bcb-2,3
bba4c3f8,bb5744d0-b,2
8814e19d,f254b403-8,2
e08353ad,842dd0ce-5,5
6e583aa2,8300126f-c,5
cd315692,2a4a8474-e,5
f01ebb7e,524bb820-b,2
db220edd,d9daf14f-5,3
d4184040,68912f50-f,1
60b3a0d1,95991863-9,3
077651c7,fb79fc41-8,3
7ce9d2ad,203a42f4-5,3
b9fba9b9,c42c9409-d,2
82dd0dcb,0c0daeec-a,3
ac83afcb,84d390d3-6,3
20838914,118c14a6-4,5
2d4ac994,1a38d99a-4,3
b4f1a440,f5f63eca-8,5
50d80b4e,ef1c4943-2,1
ca8ce9be,b2240a4c-f,4
2ce28bf9,5284add4-d,2
2d6ba8ae,9150cb0b-4,1
e4637540,13ac4c2d-9,2
40d1379a,6acf0b33-c,3
23921511,d13af207-3,3
c1022ceb,6087024c-4,5
dfa876d1,4361fa36-a,2
268cf1de,cb7f85a2-c,4
cf9beee8,d1231bbf-f,2
ac0a5a11,ac5c0b1b-5,1
9e6874ab,e3fbbb68-6,4
68dfdbfb,1b1beeb3-3,1
f747c9ed,e2579884-9,1
c640c4ac,7c632a2e-c,3
e5a5e18d,3fffb302-7,5
6839399d,0d81cb5b-8,3
4e4016fc,887204fc-0,1
1117a729,166a45a2-c,1
3c3c8f20,567355fa-3,4
e207d13a,2d4ef699-f,1
77809d5c,5e93104b-a,5
3b12089e,00fcb9c0-8,4
22b16d50,ec4cfda5-5,2
fdadd527,cc021b5e-8,1
31c5ddc8,10e8a4f7-b,5
46ce5341,2c91e42a-6,3
8db52810,5978f0ff-1,2
b370acb7,7e336240-1,5
25a0d325,e526dc06-e,4
b505dce0,6d1515e6-3,1
ffb59cb8,22678cd9-e,5
125e7014,9aaae28d-d,4
3bb0a7a9,6cfb4a90-6,4
060cf692,fa76eccc-7,1
00812bf1,c0d8e8ab-4,3
bebeda1a,84b8e40f-6,1
661c6fad,a123f1a2-e,5
c7fbbb37,bc32e509-c,5
22d2eefa,cacf1f1e-3,2
9d02cd04,0c58c336-9,3
315b7094,5c0ef37f-2,4
efaf3f1e,a4399143-2,3
14a4d873,7ba3966b-5,4
c44db413,e1224f77-9,2
288cd987,4f25c1c1-a,5
82db2175,30571c6b-a,3
038db720,e7b4c53e-1,3
c502b838,ad74ed86-b,5
c0f8e7f5,7fdb1426-8,2
aa91713c,26488257-8,1
b914b76f,0ab77e86-e,3
48cd8d57,9d8e1e52-1,1
495bd9f4,1d77c7af-3,2
f33c5a33,4116b831-2,2
b17a752f,f0ed22c9-3,5
e54968ff,b82fe130-6,3
cdeb4b21,1f12847c-d,4
0a89bdec,53b4de6e-9,1
c729f44a,dc45d710-7,5
b74485f8,abd19d27-0,3
a687c77e,b709f015-d,2
0c36392d,1856f48e-9,4
c4486290,30c6766f-3,3
4fdb0ac1,e5167a38-0,2
81c869a4,39394899-d,5
d0d5cc3f,c5b6f5f8-7,2
543db6cb,047680b7-4,5
45f3661b,962ce4b9-9,1
a495b1c7,38515136-8,2
514c5365,f8a7b3cb-a,1
e0d4ca51,1cb6afbc-4,3
927e4946,326dc1f5-9,2
b153ddb0,2c0caa2e-4,4
6e218819,bade74aa-4,1
90c1895c,e797ba11-c,4
dd8674d1,9a56685d-c,1
5930f5c1,8dff29eb-7,3
6fc35e9b,0a39406a-e,2
41ea1235,21918b6b-3,3
932cdbdb,52f65655-f,3
e1310511,cad3fdda-e,1
574e5f84,183ca096-f,4
7fb26e2e,6b5e75a3-9,1
a03903f5,3ed75263-6,4
8c8a9c64,284503ec-c,1
257a8ce9,41e93c18-6,3
2fb02560,e8883132-5,2
de1d3a1e,3a7449b5-2,3
3b240cf4,a9f02f8c-1,4
55f14e41,620721a3-e,4
99e8f646,0dc1a84f-d,5
1d2c993f,d332a849-4,4
8487fbc7,60fcaed7-7,2
793fa422,a0441877-3,4
d4104c7b,cc8b1c23-2,2
8b100551,f2c895cb-2,3
c292a2d7,598596a4-7,4
129e1ecd,86885061-1,2
83ec11b2,9bf78c9a-3,2
f94d89b9,e54a25c2-4,3
6ac71d68,cf29c7a3-8,5
a6c1a28f,c6347235-0,4
03632dc7,3c9a3ef2-d,4
180900bc,1f31c5f9-6,3
473dac31,95199ded-8,4
e878819f,9463ea85-8,2
247db661,4efbd6fd-1,4
8a55e87c,fb219753-e,3
bc1ed9fe,d1391498-e,4
925cb565,c95968a6-3,5
54f1cc93,63955182-b,4
8051cd77,c9b146c9-5,4
8a161e0a,a1878150-1,5
ae7b7c68,fde754b4-1,5
f648e9e7,090337cd-a,2
f508691b,ac287cf7-1,3
30eccf94,18c52147-6,1
616c7917,75aef9df-6,1
cfe50543,cc0cd40a-a,4
fd4c3384,2cfa9ec7-0,2
3b05ed95,f9ab318b-7,5
afc46410,9a5add4e-2,5
d8e74ba4,a5155b7e-c,3
aaab560b,c8124e78-4,2
117c47ed,5c0b6596-f,5
7c62af29,aaf35eae-2,4
c6bd342a,25cd002f-e,4
fc5078d2,86dccec4-a,1
3f4a4d51,25c1502c-f,5
fdf2e60c,e0d5b83a-3,2
7d0b041c,788e7cc6-6,4
0b37db24,33036bf9-b,2
99f7c009,1518f397-4,5
2c3663ad,0faf569e-1,3
0639e3bd,ae145df8-8,5
9488464d,1a48d1a4-7,2
f1cc2d2c,1eda0f3c-9,3
fd0e68a4,075c7e1a-a,1
f25a81cc,a526d0bf-9,1
3a2348ca,979b12da-c,3
345947ca,6a9280ea-2,4
df026444,87c9f24f-8,2
2e20a6a6,5655eb89-5,2
8e00f191,d767d45d-a,2
451f1008,e8d4ff23-6,5
b32cee07,b8375129-c,5
fda2a523,8a2d7d67-b,4
0d06b10b,f2dc543b-9,4
34cb1abe,fa44d09d-5,1
7be14799,b7a796cd-a,1
45ea58e2,dcb6da7a-7,3
89bb6db8,cec7eb10-1,2
6a796b7c,e716451f-f,2
aa6c6d33,7ef9e09f-b,5
3eb4bfdf,602bb15e-4,5
d6e39245,c534d5aa-5,3
d95237bb,bfc775a1-a,4
d2e8696a,2fd1ffe3-1,3
bc5c85a5,f9c10c74-8,3
18611bb6,136578f7-6,2
c70d89cf,706a6f3e-9,1
e5c11c0b,581fab2b-a,2
69467b7d,c7008243-5,3
028173ef,4efe9fdd-5,2
8bb4ff21,e4e13f0f-d,2
e8a90aab,a6212e2e-a,4
8db7dbb7,a28d5119-1,5
226d02cd,78ba3547-b,4
ff94d6ab,8243d88e-e,1
d20005d8,8f3a5380-9,1
7594c248,04284bd4-a,2
977da8a4,6d626cf9-1,1
1fd91234,66f17216-a,1
d7118880,8264844a-e,2
9c5742f5,ad1f054b-2,3
d5a74f3f,3d5fe14e-1,4
a3185b29,27fb556a-3,5
64272d22,38362f6f-1,5
b3659e63,35f1c343-b,2
c3030da8,100f5bd6-3,1
8dc4583b,e23f5984-b,3
d895edc8,85edc59a-c,2
5203df6d,625ff553-e,1
d4c421dd,c3fe6a0a-3,3
f7ad61b4,c1fa2667-b,4
361a60b8,d565ad1e-7,5
1624e787,7e5f9dad-d,3
9f887c1b,91e98516-d,3
3dd55fd2,1d206f3c-3,5
5430451c,769c6a76-6,4
9fd0f47d,9b6c0128-f,5
19dbc60e,d570140f-e,3
e87be34e,c8170aaa-e,5
f1dc18ef,3cd49ea6-1,3
d763b012,fb711bf3-4,1
0645a3b4,135f9af5-5,5
380397f3,43e4b99f-6,5
a91f12d4,317d65ec-f,3
5a02a69f,b44206d3-1,3
d6f46477,f9677a24-6,5
4a370dca,0614e833-2,3
4e3b823e,3c8d5057-5,1
8e6f1de2,624d50b3-3,1
bcb50e14,76d8a34e-b,4
d41d809e,1f2ee9a2-5,3
7b1d4411,03f4ca3b-8,4
cf64defc,e8f069f8-6,4
03560326,d3a6af1a-7,5
fc81d481,19c52cc9-5,4
646238e1,f0767145-7,4
7281a498,101ade60-3,4
4ec6ded9,cb17280c-0,3
a91d9f56,9885fa19-4,5
eaca4fa0,d31d0123-a,2
aafd3769,4cca89d4-4,5
c01d4d47,b3d1ba0f-3,2
4d2cd201,875caa36-1,1
20556324,eb873293-1,2
89166e96,5b444a16-4,2
4458ab6a,4462097e-3,5
b6b38943,e9dd6729-5,1
9a3a5585,82cc06cc-0,4
295576f0,fbe1f8ba-0,1
61f64557,c070b4b6-1,4
7a87f292,6341d191-8,2
8ddb0e80,87e5625f-c,5
dc0f7097,25a9c188-a,1
03f1774a,8adaa913-f,4
1943f27c,46a92f74-2,4
dd9f4e5f,37d88ca0-0,3
882bc61d,c7378104-f,2
3c669dc7,49ed6d0d-8,2
a998be79,46500eae-c,4
92a11c79,d701275e-9,1
06451796,584a7808-7,1
a94110ca,79a38003-0,1
2ba824ee,868c12ec-1,2
bac1284d,4d8fc1fb-3,5
54b16993,272d1c1e-d,3
192edd4e,bf98ce15-f,1
99781be9,a2f4cd32-3,5
9a9a07f5,1ff851f4-7,2
abb37032,605fd5fe-7,4
00e75d81,7150ff17-b,3
8355f413,df7cd075-2,2
a5bd8e47,b46bc60c-b,1
d7a17cb0,eb885daf-7,5
da787021,22ed0aa6-5,3
95cda985,d6276dee-6,1
51fe1422,6dc8bf66-f,2
e2d534fc,e4426847-7,2
f783772f,bcdaa92b-c,2
128b6828,63132048-a,2
284c8015,77363464-a,1
cca2b172,5e26e41d-1,1
f0241946,7d7d6526-3,3
7abecd58,7d1006e3-7,5
658e0882,f4dc1f9e-3,5
6d8a2a99,97a50e99-a,3
8f7a0b5d,3d3bc42d-c,2
6369a7c3,a7ddfd45-9,1
e71626bf,2c2faf85-a,2
9318bcd2,7efcfbc1-8,2
d9c4fc09,505d5a39-d,2
00209791,89fe8404-d,1
94ac8476,e2a6302f-9,3
b7618bd0,dc1f1f13-f,2
d9b8e81b,89ddf5fd-7,2
905c8be8,c979e542-7,5
31761a11,2166f519-9,2
359b71d4,fd8c870e-2,5
bfd771e4,e94d9977-3,4
b9168cc4,19f3b34c-3,2
d45a9dbe,c4910d2d-c,4
a12946ef,45f9b126-8,2
39963ecc,7b2b5520-9,5
3d8cd018,ab136d2e-f,1
db704f77,eedfbf75-6,2
723714c2,5697bb51-3,1
4ec2b2be,2ee16cb9-f,2
36e6f67c,22332c97-1,1
008384ad,c2a9a44a-4,2
490111ac,47f7d81c-2,3
0c1fae8d,04a731ad-f,3
1c34cc19,106c929a-7,1
6b305d69,fb8256e8-a,2
6af4e7e9,805daac9-0,1
42fe34af,1b911467-9,4
fe4d03cd,92ff2301-c,4
f4518d7a,c968f734-c,4
447148db,a952cd60-a,4
2d574c24,58473eef-4,4
68073337,45f6a7d5-8,3
86cbee34,21341a74-3,5
527b9c2d,ed14558a-7,5
3e3b26e1,9ffd92ed-4,5
ee2a2250,1878cf5a-b,1
0ef29560,78fc8fe3-6,2
f9e39387,025cebdc-b,2
df9db226,186cf076-b,3
d71147c9,0c602c0e-d,5
541f1998,4395c151-c,3
5f245ccc,4bf67e4a-1,4
376509b0,a2fdbbd6-3,5
ca0054f1,c4f7e6b0-9,4
77b6f008,4d57ddaa-d,4
bd42adcc,4a9db56e-b,2
cf924ab8,8cc9674f-9,3
ad923bb1,881ea42d-0,1
63b7cb47,d12bfdfa-c,4
5e31c73f,fab11646-d,3
b5dbe555,1524eaed-7,4
88f26a4e,87409d7f-6,2
320a04c7,12dec9d2-a,2
f85b8d3c,a5f0b72c-e,5
50540d6b,00cabebb-5,3
c84cf1d8,dc52dd90-9,2
4c71ecf8,9cc7d475-d,1
8dba0d32,ccaace6c-b,1
3855d9fa,353a3dfb-c,1
cb21c984,ed3c487d-3,2
d8b248a8,6088e242-d,5
2fcadb6b,54459852-1,3
dabe2577,44399f1d-0,4
6a77d021,adeb9832-4,5
722ed6bd,52de41ab-1,2
4769336c,ab11e8cb-a,3
d20bbc2b,65461fd8-0,2
0580edce,af0a95ad-9,5
6cec43d0,7b13c22d-e,1
b7936ac3,9f3985c8-e,3
1fb7f40c,654d10d0-a,3
19649d6c,cb073c91-8,2
191c2795,9d539845-5,3
223e1e33,6c517e1f-0,1
c1acaead,6e5bd6db-0,5
82041756,f8863647-9,5
8963cb6f,5771604f-4,4
bcc25218,40efd882-7,1
3b71545e,a4d41da0-b,1
fb73ed45,1f1d87d4-7,5
329b7c97,66140a6e-1,2
559fa173,7b67e89b-6,3
a1268df3,7df8467d-8,3
ddeec1fb,8a92200f-7,2
883b954f,9818c76a-8,4
3958d313,73871064-1,1
eeac60e5,5be37573-b,3
c04b4143,ca06715c-d,5
81704388,c92b0f0c-c,5
95912e32,9bb22a8b-a,1
d290f1f8,3d7c2710-7,4
ed543573,207d5b1e-8,4
62c9beef,f0074454-3,5
9a9e2f5b,4ad3c592-c,5
f602c02d,c3265e2a-f,5
4851e157,80b52540-7,2
2063936e,fd1ec13c-d,5
4852a573,b9bf1e92-b,3
33be8310,7e635ae5-c,4
35313885,e876784d-7,3
a614a195,791be972-6,2
abff895f,b99c3aa9-c,1
abc32e14,b14ddad9-e,5
de85b962,650cfb0b-7,3
f4d21e00,4800e623-9,5
6c851471,88556210-7,1
fc14a4b2,28a53034-3,4
0ffb9389,e960a759-3,1
0c9235c1,263982c9-a,5
20a19ba6,4a32c0a0-8,1
937d9e65,aff7f14b-0,3
5842f35e,11fb33c7-a,2
b2d5adaa,1990cfc9-5,2
2b33b2b6,e20f0e47-6,4
771a9563,fc294888-f,4
7580c1b1,289544ad-2,4
8b885340,5a4c2797-7,5
51363656,76639c92-e,2
2421a3f6,872b8abe-f,4
14f20acd,a90e4600-6,3
b9cfaba1,01f61e5d-d,4
ec6cf96c,3f220d8a-4,1
7c07bb17,a0a861a7-0,2
e70186b8,7e13033b-9,1
fd015934,b843f1a2-3,5
c27ce717,22c19343-0,3
8f7fbe97,58a12720-9,5
317a7a6a,02c35efa-3,4
fe2ddc82,9824cc72-0,2
095bcc91,36a204de-b,3
85d8fdfd,80b28ec1-1,5
912a636b,f0dc391c-b,4
75d6b929,8dfa80a9-a,3
2cc7ae37,b720ce22-f,3
ceb520d0,563623c6-f,3
d420adeb,09144443-b,4
158df4de,17cc8844-e,3
ebf19184,fc077491-6,3
ec38f4fa,0d2ea5a2-6,5
f8a02dac,c2e06025-6,2
53b0ac5a,bc80dadc-b,3
20eef2f5,e695e227-e,2
094b4804,deec827a-3,5
b871eb1f,a6a347dd-a,3
6565f641,9f0098a7-5,5
28eb571c,a6189391-d,3
8ef41c4f,34d122bf-5,1
8c990553,7b4233d2-d,3
a1099e85,bc8165dc-d,2
bdb0edfe,f12eee5a-c,1
d8970dd2,475d4cf1-c,5
0e09bb42,a3b21d1b-b,1
f893da7a,70b6b201-4,5
744e3383,7dd40ade-e,3
f4d0aa67,48231ccc-5,3
7cbe212a,4b41a5fc-3,3
ac02118a,2787e47c-9,3
f878e329,143dd678-7,2
ebd4488c,82b5be1c-d,1
635d1b34,66d84c63-e,5
e06e1b01,7b826100-c,2
7d7169a4,8f17be1c-d,3
f53931c3,2db00657-3,2
d833241e,ff777544-d,5
26525a44,5be07323-d,3
5efa07f9,7c691a42-9,5
84531d15,6ed3d2f3-3,3
73c7af6b,a72d9534-6,5
4d5cef27,94d72c63-f,2
bc30caa0,f5925221-d,5
e2f51045,d6f32dd8-f,4
2fdaa4b7,264cc6f2-b,3
ec750276,796274f4-9,5
b52a9a86,baf6af3a-2,2
d5fba1fa,54768b80-4,4
33c35bb2,77b44571-a,1
4f782125,98991933-6,3
815bb3e2,a315c8f4-1,5
7c123e25,71e34e7e-d,4
c4710669,4b0a0467-d,5
b486bdc0,ab545833-e,2
418f40d0,6c180001-8,4
a9291a98,60305bf5-b,3
c6e9c8a6,d3dc4ba6-3,3
3d31754b,e2c3e03c-f,4
0c74e0f0,87109b74-d,5
cf29466e,ed1adb23-e,4
2697b3d8,f163326a-e,2
3f298345,4c7cdc78-5,5
9a3d7a70,0ca0aa41-4,1
df980ec1,c5cc3ef2-7,3
fbf3b6d9,a57ea4d6-b,1
6b5e77c8,545a2eb9-d,4
91ed529f,3636152c-4,4
60560203,b75f0c2c-f,4
e426ec00,dce8b779-7,5
8a8e4d60,5b6f25c3-7,4
aab9ddbb,63ae55e3-c,2
c4d760c3,81a22f1c-4,4
d930502c,4583a4bf-b,4
ef9c5215,510084a8-1,5
9c5e398c,22eb5551-c,1
6ab927cc,94f6ab2a-a,2
789a89e9,9fbcb30e-3,2
8e1f81cd,2a410eda-f,2
e8e91d15,d0a161db-1,1
4401eb85,25ef6419-9,3
23b8db27,6f11ccc4-8,5
d279b7f1,5524ed33-7,2
88984c72,b278799f-b,5
718a642f,4ba7e11d-7,5
4bb60db5,f99b8f8a-c,3
ce7d898b,c8d049e0-d,1
4f99b5dc,44002de8-0,3
07fd6558,e77e1af7-5,1
0b385dfa,81dfd444-c,3
b0de127f,5f4bc204-f,1
56b9b6e6,1e2f69da-1,5
e3f9922a,7bf2973a-6,3
925202a4,52599214-3,2
2081a750,c9dde1e5-4,2
c7114204,946ec3fd-e,1
6d3d14a8,0be9c57e-b,5
e3a22f45,aaba4dcc-7,2
afd642ef,0169a3ab-a,5
160a70d8,73014b58-9,1
7a8fb819,d885509a-e,4
e831f6b4,808ca9d1-8,1
24d2a786,1dacee5b-e,4
fdcc0170,60dec6bb-a,2
faed997b,dcae4939-5,4
f1327a62,dbee7a4d-d,1
2c190d8c,037ddfe3-9,4
4b6d41b3,84be7a5a-2,5
9a1fa943,81899877-0,3
bfa5ca2e,c89c4459-0,1
85bd7667,feeeabdc-c,3
2c58e6ef,c3c887cb-a,4
709f2edd,1af0660f-c,4
f01b43f7,5e6ccb0a-7,3
f42d759a,18cc36c2-2,3
b1e17021,306ad08a-7,3
2ff6e11d,db0c8025-6,2
a6f6238c,9ca7c504-6,5
ca624bb4,69bcf5e6-c,2
6c8dad52,de178a79-4,2
44cf89f5,835c8ffe-7,2
7ea8278d,14272c92-f,2
078fcf7a,6af45722-8,3
76559d30,9229ec2c-a,1
9cf2ef37,74c0aea6-2,1
540687b1,26a7d768-2,4
4c258f55,1f8f04df-b,2
219cee6a,cab96b83-5,4
c15ed68c,774ad254-3,2
6304ddb4,1b7806c8-8,4
a742a6a5,d5175f47-8,4
e0b80ab2,d9c29578-e,5
48655454,cd65d18d-a,2
958d0fcb,49723911-b,1
637d8a7f,e124f0dc-9,4
22fef1b5,c2819460-a,5
9046c46f,3ebedb00-4,4
2e348747,6610b307-5,2
2f2a8b7a,d7790ef9-1,3
0021e458,44fb96a5-a,2
28bc186c,647df5b4-8,2
94cce708,a73807ae-d,4
47dfa10f,6406a187-e,5
f227caa1,134467bd-1,5
5ccab37f,08c3ba2b-2,1
f1d4d1d3,81312f44-7,5
259e5ade,641eeb23-2,4
e2356d8b,57d4489b-e,1
7f742f53,e61eaba4-4,5
b7529b08,351120fc-3,2
a38bba13,d65d0c73-0,4
0dc89ab7,d1f197aa-d,4
d3af2e02,650935e7-9,2
664ecafc,f965f3ef-d,5
32b21e58,184903ed-3,2
3379f7d2,d0f527a9-b,1
7cbec78e,085249b5-7,2
9a0612a5,1c05ddd2-1,4
ada22b55,2b0c246f-9,2
d0086a7f,631e9a74-1,5
27b48e7c,c96f4099-4,4
afbdd29f,43c1eda4-5,2
73a324ba,2b2b723a-0,3
67567200,abcdf90c-4,3
2ed9c959,78a16480-d,2
bc43c77d,5a098fec-d,5
e4d80260,d3fd1a35-2,3
ca73e3ea,441abad4-6,4
5c93bd47,2b2d1b01-d,4
1d5adb9d,0a406fe0-9,5
751f40ec,568ad177-d,4
7d4bb47e,68fb956a-8,2
90b0754f,d64ddbd5-c,4
ad0012f9,2bdb1ae5-9,3
17a03a8e,02895d3a-7,2
348b4f2e,c6be69d5-3,3
3d7f7e1e,0e1d89b5-2,3
edb89577,3be497cb-0,5
fd1013cd,4eaba910-8,5
2a21b2f5,7bfbfd94-7,2
e734cf71,099b46cb-1,2
c5bc43a2,a9b57c56-1,1
7f3ef01a,36f6022c-6,5
d09b44d1,10fcf229-3,2
25804b99,de5e986e-7,1
8b449287,26b61a09-1,4
06c442e0,1d3bb5fd-9,2
741e480b,0b938bcf-d,4
c4a4411c,8d5bccd1-3,2
b2423a79,6a9e51ec-b,2
59ace126,25458e74-d,5
5d2e84b4,b33afedd-a,3
6328bc7c,cf11150e-3,2
b4eb8cc7,84c9273b-5,4
6e95832f,d986c065-8,5
f627d9d5,2c14c5cd-a,4
b644e0d1,18df8182-6,4
f9cd4168,ec20f7ba-1,3
72c3e855,f367ee26-d,2
abd487a4,4d872e66-a,1
91bacb2f,0b9b177e-a,4
75272f5f,63799771-c,4
9e0fea41,fb8a4697-5,4
e4818739,3b188e25-6,4
6ddf61d1,d68623f3-f,4
d0936e56,5e4309df-9,1
ec022a3c,cb932ccc-5,5
be485d54,e594132a-a,4
87c33171,a0b69e5a-5,2
a374a7c5,db38b528-1,3
f54726e0,e75ab5dd-f,4
6e142ba6,cae07d8a-c,5
161325fd,0de2edaa-c,4
051133f8,ba2c4d0b-b,4
d80ab524,d1ea2388-0,2
842b3cac,9964a78a-f,1
78f9cc53,1bd34f46-f,3
295b35ad,5ade36b9-a,3
c5226913,b83f2b71-b,1
346f2c53,06b65d09-0,1
468925cf,036f2fe1-2,4
09ea71de,74744f71-4,1
99b59827,89625cd3-1,1
2a641c9d,ae8d3eae-6,4
4d08b875,210baeee-c,3
ad772c5a,840db3df-5,3
28223fc3,36e9439c-e,2
54274aa6,ad73b872-2,5
ca58b84f,83292e34-7,5
bb351881,86a55194-0,1
6dbd0f95,ab4ed7ce-a,3
29af7e68,aaefb8df-e,5
f85ad600,f07e1c4a-e,1
f49fc9d3,99c19952-1,4
b28f143f,093ae015-8,5
6184077e,081c5408-8,1
ac202a1f,6f9c6a73-0,1
01153d2e,2c6437d5-0,3
71205bd1,8d8504b9-2,3
23e8e15d,1943f09a-4,1
3ffa9cc6,8961518f-6,5
afbc0f86,1bb48f49-2,5
5fa7759a,ad3dd065-0,1
5d67c05b,23e94b32-e,5
d0032e78,9412f332-b,3
465c254b,d1db315e-8,4
45f92c91,cb403165-3,3
805c0b7d,4068c6cc-f,3
515fe1e7,759b4aed-d,2
ce69481e,f8103189-a,3
41889d65,26b7a7e9-d,5
3b85b7a7,e66a4d85-4,2
4c8e1f57,79a3bbca-d,4
cb429a91,0c60ae4e-f,5
33b289dd,16aa4a41-3,5
997c274b,e53da9e7-5,4
8abeed6e,1d60b62b-e,2
7210a0d9,13d2a56c-7,3
5f0349f1,16d121ec-a,1
bbb253a1,b80cc9c3-a,2
22dccae1,f7e0f6f0-f,5
effad494,efd11390-1,3
900e8f32,19603713-f,2
b38271c7,7c2e02c5-f,1
e1b810f9,e359b315-2,5
96bf93b2,42fdf304-9,5
efb78e51,9d0e8539-f,1
4b510e17,f0095bdf-b,3
b5cfa655,c0ecbccc-e,2
68412b52,10c04914-7,3
146e7249,5d4c0577-0,5
a3880ba0,58aa2a00-6,3
884075e5,575b7120-d,3
2e31f938,e3135ee0-b,2
48cf349d,dcce0ed9-3,2
c6a0ee2a,2e82b12b-e,5
618b72c3,9083dac4-8,5
0041710c,a9b75daf-4,5
5aa04d8b,9b2eb9f8-b,4
1a29d6ef,a604afd7-c,2
e44a3f1b,98bb0634-3,2
b13d6803,4c5d05af-4,1
efd66d9f,10f9fb68-2,2
635f84d0,b8265a41-6,3
76b1b3ab,3ad00ebe-5,1
29f39439,61a89e00-6,5
420ef393,5c344e7e-8,1
0eae163d,fdb8a7f4-c,2
f9ff1a48,7586ecdc-5,5
4c3cdcb6,1bbfa35f-1,1
1cbd0192,9c4d9173-9,5
86ee4f1e,3a0742ad-c,5
2736921c,80655c44-1,4
24615a11,fcd5caf1-3,1
6a2e43c7,c1a2396c-c,4
e8f282f4,bf0e5aab-7,2
084d1679,ae8de22c-f,2
851ee140,a4397891-6,4
f519fe50,0e60eaee-3,1
3ca822ba,2b2e8a4f-7,3
56cc761e,023a6d02-4,2
3c8bd82b,d41b9799-8,2
a7cae661,ec04ee8b-b,3
e0cfaad0,58f0bb2e-0,2
cd442b59,3f5fd069-8,3
c66e0a5f,634aa8eb-d,5
65fc7b42,c11cf3e8-4,4
b4391d08,27d825b4-e,5
c250ce58,0a113398-3,3
05619162,06506e6c-8,3
8e9b857f,dee40ad7-9,4
2f2e35cd,bd32ad96-9,5
e9786a6d,ad922c38-1,1
22ce90f0,253d232c-e,5
758b36b9,0e16bb68-d,2
b77c1e26,6a198ec0-3,5
fa0755c1,a80e01a6-4,3
dcf4a9c1,87786ea9-7,4
a453276f,1f7ef990-f,5
fb93fc53,9febb427-c,1
be4d0858,87f0d140-4,3
44898eb5,c756485e-5,5
f3bd0c9c,7c8cb492-9,1
a3609e3a,bf6ca00b-4,2
e2a4a7db,97f6e07b-a,4
8971789f,c46ba7fb-a,1
68f22075,d00045a5-7,4
ed4b302d,ecd83830-9,3
6de2894e,91e28e7b-b,4
723b2af2,68c330d6-1,4
2c36db95,8a241150-c,1
194aa278,d3076535-1,4
3575e317,e0b93f87-1,2
787738ba,956bb0df-7,1
104bedf9,5dfd69d9-d,2
7d92827a,df2752c8-3,1
22d18844,2f19e634-2,3
2f96ad99,75c9c188-a,3
63536a72,eff5b46d-f,3
751c5619,e436cd21-e,1
b07dfbd1,7d443016-7,1
f7126ee5,c6e8e685-2,2
0bade6a5,7f815c17-f,2
9b48b7a6,41de6e0b-3,3
0df32f0e,921d4f13-4,3
fa628d2b,8432da61-7,2
ed518f41,d19df4c1-7,1
ddcb54d3,eb72dd01-6,5
3c71e319,4fc43503-b,5
95517d12,5c194e4d-5,3
1886386b,8583655b-4,1
00333c7a,77eebc88-5,1
1ddc65f3,dc145f91-a,5
a2cffcc6,75d4498d-1,3
f3e197f3,4aab29e2-f,2
6bd8fa3a,aacdd2c4-c,5
1a2e9e50,d1247110-6,3
9e55c4c9,8227ea90-9,1
ee2735fb,4a86d1fb-3,5
4c20ca93,2f32fabd-6,3
f06f2d9e,8b31adf8-f,5
93ff499d,cd056501-f,4
464108ea,2c009751-7,3
1ec05b76,c3862bfa-7,3
775596cf,f2a45064-4,4
771b6628,7deb0c35-a,1
d6e6e405,3f2757b0-5,4
0b010741,b072608e-d,1
8566ac6e,d86224a6-5,4
fdc30694,c157dce7-a,5
84ad9f2a,c77431bc-6,1
56949334,680206e7-9,5
15eb948c,35c9ea9d-e,5
e8e7e07b,8298b8bb-a,3
02fb8772,ee387572-7,1
a7e884cf,50e481c0-5,2
a55c61e9,17c41fd0-2,4
82e33f7e,d831b4b9-c,3
5a9a1268,889d5066-d,3
4e1df27e,903cb2e0-3,2
72f4df65,e39375fe-c,3
04ef2f48,7121fc95-b,3
ae1b0a5d,adfc7a07-5,2
eabb8e22,a55367ed-0,4
ca48ec71,efa8cfb9-7,1
be753111,925e172b-3,5
4afdef19,b52f485a-a,4
02dde509,4ae93dc1-f,1
c1b4c7e7,e4c4fb8c-b,1
f8578999,edb15fad-1,2
4432a8ba,5c4eb084-f,4
ca6f4f5a,51a993a4-f,1
5b8004ef,228f3945-3,4
6c1cdb51,7c30f0b9-c,4
9e52ea4b,319ec9d3-3,5
7319919d,8701783e-b,1
9db42c1b,d8d5bbee-a,2
dd556e28,9bed94c1-4,5
a140c968,cdb2d37a-5,2
e8db0cc2,fd629be3-9,2
38007c77,b7c4ad12-d,4
c75e521c,9049ae69-3,5
8c8f2810,6acff5a9-7,2
6f386cf8,6f64c12e-e,3
11c8bf8b,5055970f-f,1
c6619369,c21445bf-b,3
687a8ef9,e6dbc8e3-b,2
add87525,3e468113-f,2
480be977,76aa1ea0-8,5
52b0c046,e94fcef7-e,3
17935504,96dad3eb-2,5
6bfea417,402f8310-9,2
25f8c79a,cc29b70c-9,5
2f07538e,564328a3-b,2
ef989073,d041bc6d-6,2
746e7b01,190f2c5a-4,3
e597f5d5,d5415a88-b,1
a65c3d6a,31b244c4-e,1
37610673,3154eee7-f,2
89c70f36,a5cfe885-e,4
53ac6649,39fae33a-1,1
dd3d04ab,d44a2095-d,4
415b6195,939d5107-f,1
a99176d1,364eca44-2,5
9fe834ec,0a7f521e-d,5
cd11f9ff,d3cf0826-b,2
a8e5730c,1f32d8cc-c,2
957b2713,a99dea2b-5,4
3fb7980a,d8eb9263-5,4
8fa5d77d,38cf2d1c-5,4
7de5db7c,4c7f1e50-b,5
01d6ef4f,842ffe80-1,4
61b0a56f,293a38fe-d,5
d81b895d,37d5ff11-d,4
4176fef0,b1877937-7,1
a669be47,a700768e-1,5
fc38d815,1e2d8f24-1,2
526f0441,a2638fa2-0,1
192f4b21,2dc07f56-1,2
6f0b1b90,531dde67-e,5
13c26270,8546c4a0-9,2
21e0291a,56e92b46-5,4
7c026f97,b8db29c2-8,1
2cac4c48,d36761e5-d,3
04549848,54a76b2a-1,5
486bec14,cf82e4f9-e,3
2c5dc3ec,8df2d84a-8,1
104cbed3,7ce62017-e,5
f2958613,570d72b8-e,2
3ddad16f,3230bb6d-2,4
b3801e1b,cc0deb02-8,3
caf9113b,a4d482bc-d,1
9795e31b,23f814dd-0,5
32196cbd,26fe9d8a-2,5
c9e6f7ce,8851dc3a-b,3
858696b6,8c3a1e6d-f,4
7b0c5a76,c908ffae-d,4
6266c8eb,1204b685-8,4
32001e61,cfdde875-f,4
69436d0b,6bab26fc-f,3
560370a9,fe92f8a3-b,3
3d46ebd4,e33efac7-7,5
3f68ed08,f01054be-4,4
878d3714,b41deede-e,1
69ca6114,08e2216f-5,2
bb9c024b,4f2ee81f-b,3
99776807,83154e70-7,2
312114bd,82a78612-e,1
21bb3317,434c53a0-b,1
9e6fdcc2,42d95dd7-9,2
c5a98dc4,76255c12-3,1
c8d53642,bac908ce-6,1
92770171,53007736-c,4
731fda80,e61f1ff4-c,3
e8ac7f4d,a536d3c3-c,4
96aad22f,ce2e6997-2,4
b17f30e1,59529419-b,2
a51af881,cb7235e5-6,1
d7517ae4,bc9dfe4a-6,4
360ae88b,0950f467-5,4
40d718b5,69c85c6c-4,2
932c8bf3,19394d50-9,1
998e790d,06057d1a-1,1
4d056465,9f25d201-2,1
316d6899,3f521c90-8,1
ff119d8e,db03816d-5,2
05b592f1,b5b87c28-8,3
d17ea8e2,b6a495f7-3,4
8033eca7,88463def-0,1
8d3641c7,cd387cb1-7,1
64b8eba5,d434ef75-f,1
ff482f56,5c71109f-d,5
91a63275,1a4d08fc-9,4
551a42ec,69e5ece3-0,3
ac582370,a0aee878-0,1
c5a6ecbd,dde8b508-8,5
b85d890a,78c2c072-a,3
4f915eae,18dbb72e-4,5
0a017e5a,f9e78c04-0,4
e86cf289,bab0e53c-1,3
dc5953be,d8f5d269-b,3
36cd4e86,3d9f2988-2,4
f007a18c,17e4ef98-9,3
fa0641b0,eca7c8f5-7,1
4c8025bd,b25e6146-5,4
ff985431,873a1c84-4,1
348cf1e9,f0aa6c04-d,1
1c4f3915,f1d4ba1b-c,4
1b0d38af,24762d59-0,3
d627f474,99bb9054-c,5
6b1202f1,2ae18f21-9,3
d1574c62,2a124c4b-6,4
0a3a6c62,96122269-e,4
952255c3,c7e00823-9,4
194fe55b,b902f571-4,3
519d967d,1251f351-5,2
f1f41f6b,0de4281d-7,2
1b4d6975,27bd0cd5-0,1
c7be3edf,43adcdc7-3,3
71b9e86e,7ffbe709-f,4
dd2c6eea,4c89d93f-f,3
ef63128f,af4922af-0,1
1e8db66c,097b7e8b-0,1
a95a20a0,d4f0c64c-7,1
5a406d56,506b541e-e,1
c22bfd43,d22cc472-c,2
0f083239,c5a7acf5-b,2
79fe00c9,033b7ee6-6,5
3f26e7ae,6a7a39f4-6,3
6b52b5c2,e6656e33-1,2
b4731c18,67eaf6d5-5,3
28b4e804,ca4b2436-d,2
6db9b785,5d23a21a-a,1
3980a7d0,27c69f35-a,4
a97b9cc2,4a2530fc-2,4
b11b4773,0e7f9e8d-a,2
d32ae048,8144b8b1-3,2
48868729,12685d60-d,4
b1c9cd33,6cc3bafb-d,5
0110e242,8e083444-0,2
1f77f62c,d6bdabc8-0,2
0ad19220,ef3686c3-d,2
1aad3236,78d1d70f-0,2
fa33e600,e812760e-5,2
4ea11ef1,dbd440a0-a,5
54b284dd,af9fe8b3-3,3
caba820c,5461a379-b,1
4086f63d,47a3946a-3,5
7d57d3b7,a5869197-0,3
d285d9d3,de597029-b,4
804674ae,523ad572-6,5
6142601c,b5aadce1-c,1
2af6136c,0244459e-1,1
460c3e00,65f8d376-1,4
608c2f04,e139b477-2,3
ef8a9fed,20c97f3f-3,3
8703e247,5bcb7043-d,3
9d8bead6,2bed8c90-3,5
68709475,af4eb230-a,2
c222c42b,cb999c1d-3,3
57435261,f4a3e8cd-0,3
fa900887,87e3f91f-e,5
4658f0ae,499bf772-5,1
d9b27cae,9f3b277a-9,3
23b03fac,df454d33-a,1
b97ada3e,ad544888-c,5
4d481030,0461bb46-9,4
fca884d2,ec298b70-1,1
d5762773,b06f4427-0,1
4d2c701a,d6fd4ffa-b,3
9d75a469,21e66fb0-8,1
b848073a,1c5dc486-3,4
83ca1c02,b9a0b553-3,1
3bb68633,527c6afc-d,1
6c24cb73,29fd9f4c-2,4
888f0c0c,9dd6fa49-2,4
e38b857a,fa9b0c94-c,3
f88d9ff6,898d3b83-7,2
044aec61,3bac057e-7,1
8f328c6a,4c32a366-9,3
088e7c77,a599e26a-7,4
bc9e7036,2d6d02c8-3,5
9c15f01a,a57d6d95-d,4
ec2e8c2b,9f8a2ddf-4,4
7a0ac843,1cc77022-7,4
d90a3d96,1754a1c2-0,2
e03f2fdc,39dbd736-8,1
21946755,75b4dee8-f,4
82df795e,21cd54a6-b,2
5dee981a,fe8c0849-5,2
3e68b451,40253e54-c,4
e03911fb,bdcbf1db-5,3
aacab2f6,3aae97ce-e,4
041ccaac,397a849e-9,5
c8c57043,5e8d2fa4-b,5
bbcfa0fc,fbe0711d-8,4
4e5efb67,f48ee0b6-4,2
04b3b0ae,3153fc70-c,1
c18db35e,df647eab-1,3
e021ffd9,1094a34f-c,1
5f605a18,06e64a6d-9,2
5f7fa070,5256329a-b,2
d995d10a,94d1d4e5-8,1
dd88caa9,346ca473-d,5
931db1ae,c0b2e627-a,4
d609c578,e86bbd6a-c,5
5f28d20d,9e362869-e,4
9ab109a6,14f61c03-2,2
72d22971,d415a5a0-0,4
0bfeb002,13e61b83-0,5
eb8345db,0a207bc4-2,3
cb22dc9d,966fffa4-8,5
8e766f32,73b70ac2-6,5
2db259c4,e4712712-5,1
33af27e1,1be08cb5-0,4
6f731519,26f79595-6,3
9e0d98a7,da3142f3-3,3
3a3e2372,1c112403-d,2
87347c2e,ea327b14-f,1
2e19e8b7,b5f17aa1-3,5
5ed3f96c,27f8c0d1-a,3
43dd49d4,616ab617-1,5
5e6c1d1c,1db0a0d7-d,3
1b4ce378,a45383ed-9,2
5a5e5be2,36253681-2,4
ee51a889,5211bcb4-4,4
3b6187d3,936b1b79-4,2
2d95c0e0,45eb8579-5,4
e6296714,3df45155-a,1
84e5815f,7b21851a-f,1
f3cc28a1,6f35afb4-0,5
74a79c20,3b81e1b0-2,2
4e2147a2,6f80640c-e,2
fdbb057a,c92cf5c0-2,2
4884a43e,dd4ab37f-9,4
a3636616,9f50736e-b,5
d8332547,d6e2737f-c,1
5ad47c7e,8b9e7563-e,3
9983f3fd,027fc4d8-d,2
89368ede,e31e4665-3,1
7fb18eb2,6bcafd23-8,5
a8fc7be9,94db1f71-4,1
bdd7eca6,468410b1-b,5
2e35be56,523b5770-d,3
a3de9f0e,c86217cd-2,3
31b3a467,a7f2a6e5-d,2
73e3bfdd,916c2bf4-7,2
29aa9b2f,f412ae56-7,4
ba0825d1,89e30633-9,5
6885f20e,ab9809e2-9,1
a4ae5a91,8b6956ef-0,5
ab62ed9e,e2ea7af7-9,2
c018f6d8,6ab73ad3-c,4
4515f435,a3592481-b,4
d45acca2,87a2c25d-1,4
5aa5b49a,03645f13-2,5
5f938952,81601d96-c,1
aa265452,6b482363-8,3
a12bcc72,62f53ba1-6,4
f444bdd4,1a2c6fc4-3,3
d1192abc,3c244368-d,5
ac07a758,7cd8f2a8-d,1
a5f68cb7,516465df-c,2
dc0c9f8d,4c20f3a2-4,4
e3c0569a,a3bb0ee7-6,3
7cdc9e1a,8fb834c6-d,5
dbcb14fc,c7432ae5-d,2
dd08c8a2,b4683e3f-5,4
ac61f504,c6678dfd-e,2
2dbdb640,d1a4dd43-b,4
fc5376e9,05276afc-4,4
e8aaaa1f,d0feadab-5,4
43f041a9,b23e0152-d,2
af40803c,fd3499b4-a,4
cc22e521,99c4efc0-3,2
93b27ac2,590b8280-4,5
6d749b0d,f007440f-4,1
db854f27,0afa4ac3-f,2
e5ce3b3c,36d673d6-b,5
5afb864f,2ab88ed7-e,1
c246cba9,ede349c0-3,1
8daa1ef8,fc66d1b9-d,5
b423a542,b34b4437-c,5
c3a12e7a,6d0c7871-b,1
9114180a,0c788a9d-f,3
3ccd93cb,df7fe53a-3,5
e9541774,cd56e7a6-9,2
0e01ba85,fc24fdb7-0,4
dfb1c808,99312242-3,1
3d9773a1,04e031b4-7,1
f3372a06,ceac98df-1,5
4356aab2,bd178e35-6,4
03fd5c2d,5933b2dd-2,5
94f5f92a,4ecdcc3c-d,5
becaf4c3,fde4af99-e,5
db686a27,ce8d953e-0,2
d0787b1a,74f9d647-0,5
0d8c2f9b,54c6c382-8,3
9ddc1221,4ae6e368-7,1
b2412a5a,bb939790-9,5
9807ab52,fd5ff259-b,5
5679d9a7,45a890f4-2,2
aa3a7b58,ab4b088f-1,1
e26fb2b1,edcf8345-f,3
c48e044f,4ee44cb9-b,5
4e3dd393,ac890a55-a,4
aaab97bb,b7ddde9c-d,4
932de343,0b325fcf-3,3
df564d61,e9916462-0,5
d6b7aa1d,2a8e2f78-1,3
65cfd186,062b2e28-5,2
93350e79,e80188fd-b,4
ad920469,5ee2c43a-4,5
5840fb85,a0ad1806-c,3
0ce757f0,791f0dd9-1,5
3c7fc849,8bf6dbe2-e,1
56e37721,4d852084-c,2
a81c78ef,705d8bd6-e,2
d72ba85d,d14ce47a-e,4
41675c87,fa938c93-7,5
5e539ac8,0a815ba8-4,4
523cceca,0a39160c-f,5
b110fa93,2c770b54-1,4
81ce1f35,1eeee585-b,3
04bcfff8,1a8229ee-a,1
ff9c4ba6,bac7facb-1,5
7050349e,cc0167d3-4,3
c53448d0,3f842f24-8,1
b9693289,cd6bbc83-e,4
03563bc9,d7510d30-2,2
7152cc07,85f214bf-1,5
87cd766d,ada798d8-7,1
0e64bfe5,fc0f7387-2,2
7e725db9,7b620e7c-8,4
eb01d335,5e0804fa-9,2
3a564d70,630e08f4-d,5
36f7dbc7,9326646d-7,1
72ec970d,fc1ec9e9-d,5
b8325c50,5c071a3e-3,1
d73be10e,eb2fb3d1-7,4
e36f2bb0,fb339072-0,1
877a2ffb,be87620f-9,3
6b65ac71,5b7987b2-2,5
3df3017f,6a90f71c-1,4
de21a529,6c3e6be6-b,4
4d1703a4,34578a9e-2,3
ed900f52,38f70e29-6,4
ecbf0669,d45881db-8,3
d87a2060,16fda4a4-4,1
47f1f74b,3aa04295-7,4
c5772653,080a1588-6,2
edc1d507,e01a29bc-7,2
ebded5a7,7f4e3932-a,3
a1279ac2,934af6fa-9,3
363fe23b,713d5f95-d,4
d1f2a5ba,35bf1d25-e,1
34c8ee63,e2cad399-f,1
8633d8a2,fd62a479-8,1
54b00d9c,af094393-c,5
0418a2c1,49d274a9-8,2
cb6dff71,0e29a6fa-2,5
3fff6cb5,14634891-f,5
cb0b0a9f,921cad79-9,4
9153c543,6eed063d-8,4
b17a50cf,76d6e659-f,2
e8c697cd,4c54bc3f-1,4
10ed87b2,9a339c33-e,3
70e58e3b,6a8083d3-7,5
770d352f,4e37126e-2,4
d689fa61,ab0bb71f-3,4
a6d9af95,6e814027-4,1
ee1350fc,c57a437c-b,5
77de2b1d,6b72dfda-c,1
d06eda6c,d289d18d-5,4
eb93c677,be1966eb-d,3
6b58c722,e0798a1e-4,1
d4315620,1537c930-7,3
7691b7c9,0ec45da7-5,2
1e119afc,5968e23a-f,1
592685a3,183d23fb-b,3
6e2d666a,4ce71e3b-1,3
97d651f2,b5f6a3f5-4,1
e05135b9,b376b897-5,2
25a1921e,337e0f42-b,4
835ca3bf,e0d9a8f7-e,1
833c791a,c9ab8562-0,5
a105f661,3f9836de-1,1
bcc6717f,71a834ba-5,1
52afc672,13bca435-3,5
24f2c911,862a9954-7,4
1b0c9fd0,eb3a18a3-c,1
6b7e7043,05b50e6a-0,2
82866e0c,6492654a-a,5
a4f4d94f,b848fedb-4,4
9179113d,74a1e24e-f,4
c8d1da59,da7b19b9-e,1
90062c17,9110011e-9,5
725b0c84,06b288a3-1,5
cafca141,2cc466c8-3,2
2ad90cf7,c8dbe801-6,1
2dbcadea,1d6ec559-1,1
e37338ed,0879e7a2-3,3
fb17e261,21f1ffb4-5,4
e953a168,909e867e-a,2
6f22d0f4,974faa53-8,5
1d360f7f,d4274eed-2,1
18a5f861,ed5918a0-f,3
1a6daf28,65d571aa-f,2
d6a3d49e,b71df685-1,2
fde7243f,2d2a8bb5-4,2
96221d7c,b9f308d2-3,1
f9632dc2,bccfc6f0-b,4
70152275,44966d58-e,2
4e5b9aa9,9a47068b-3,2
4c326c0f,5a8fe0a0-4,4
5bad336b,fa789197-d,4
c87cdd9d,8bf1214c-c,1
967cbc43,c5e4d064-f,3
67373c9d,c4e3be90-8,2
3a9963e9,5140fdf2-0,3
2d841a95,b1aefea9-0,4
647d7e1f,3c274f70-1,3
6728981a,7d22dcf8-6,2
9c17a640,41474000-7,4
53df76f4,e957083c-5,5
de6605d5,d81f1f28-e,1
74c7c480,0fcd357b-3,4
85c628f0,d30ee264-9,3
c5a1e762,d2e653f1-1,5
3eda4c58,bd0ad888-8,2
89ff2ff1,74ebdb33-e,5
918a4789,3cb64c8f-3,5
a2f07ba8,b87d7e2c-3,3
3a478a5e,891e3976-2,5
faafe05b,d52923e3-6,3
15b5e873,273ce285-f,2
c09f2d77,a60cc9d5-b,3
2213103b,c562dbd0-9,5
08d32336,14c148fc-3,1
edfc7dec,0983e6d6-b,2
c203821f,49360ce8-1,2
997b3f50,7af8b67f-e,5
16589213,004ae9eb-0,1
ed69d7a0,9cd2cba7-7,2
fb789539,2d07d366-7,5
70a67b9e,74577e64-d,3
9b269748,8289aa1a-7,3
4f842250,9b4f9de2-1,5
97e2632e,73b63a9d-3,2
04318409,a23c4e84-f,3
3822b8b3,af7bd15a-8,2
4d16cbf8,1fff4ff8-8,4
486ac471,817c1d74-7,1
655c0afc,19592ee3-5,4
bb5cf4a3,84844630-e,4
52186fe6,c0cc6bff-6,2
349248b9,a64f4cc1-1,5
e616fbf7,c434508d-3,2
a129dd13,34f01a02-c,1
430033d1,8ab203ed-0,1
1739fa0d,6ffe0b61-d,2
f4d46444,482d9eb4-d,4
45e86006,668aa034-6,4
e9be0cb1,aa3dbf64-5,3
0125f947,50889b27-f,3
23e711df,b683ba73-5,4
6377eace,d45b8dc8-d,1
d0c6808a,4f7e965b-1,2
429251e4,787ca917-e,3
387543ee,e80edd02-2,5
611f07b5,62b4ee7a-6,2
bebd92ff,6b55c0d4-0,4
f6c2e5a1,da046af8-6,2
85531bb2,d166d0c2-a,3
acf7144e,8da332da-a,3
f3e36ce3,79dc5c00-8,1
d2522951,0bec836e-1,3
8c9ad053,0b8e93ab-1,4
e49bbd21,0aa405c8-b,1
f7ed4253,a839d7a6-0,3
80761d7b,4b7aeeb4-d,4
221a9af4,9248f11b-8,1
d492b6d9,4284ba03-7,1
86488cc7,4096a452-0,1
95f62610,03504d8a-d,2
750418a6,a38fa435-4,2
9f79dd77,748793a0-2,2
ba9710b5,117417c1-9,1
0ec44907,731bb929-8,2
5132665b,5beb8bd2-0,3
ae025f67,dc3598ed-4,3
9b715e89,c850d4a5-9,1
e1c29bb9,3ee7c3f5-1,1
001ae40d,6e5a726a-a,5
f30aa764,b9394d22-4,1
eed1708f,0903f466-f,1
24adcd0d,ccf9f689-6,1
7509b3c7,31bc3b59-3,4
33ec4e9b,708ecda7-d,5
b6f51cc8,17c0c091-5,1
55238433,1dd30373-6,3
f85e08f6,f9379563-e,1
957d92dd,2dd1d448-8,2
45e5b448,f3a1636e-1,5
3d834a66,97e677cb-6,5
6845f31e,eb1479f3-f,1
f7d8a36d,0b599874-2,1
6b3a0e77,0fc0a3c3-d,2
09b07954,eb6be1ca-1,4
cfda6436,66c83748-3,2
9bc061b4,7de11438-b,2
453e4fd0,0c98dbfb-1,3
389887c2,67dad671-2,1
9e8c74ac,8ef678aa-9,4
a6324daf,a49fddcb-4,5
a587259f,1ef0156f-7,4
124627c9,2f9f2265-e,3
dc743e0d,73bd35e0-1,4
f422fc68,34e02965-3,2
a33d1a46,2c952a50-4,5
69e7e61b,99f2f294-d,5
238fba4a,de463b7d-8,2
07da90ff,ad7ec721-9,2
afaf6aa9,6b20bcd6-4,3
23e6b564,1155fc55-5,1
fec142e5,1ceb87ae-e,3
158b7b45,26be4ef8-4,5
99d5de94,427e49a5-7,3
955f7594,73cded42-c,2
c0c7dcc8,5adb772f-b,3
a2cfce14,a371102e-f,2
da7bc76a,e88dc97f-5,5
abc4d497,1e61b452-a,2
76a0bc6e,bbc7195e-8,3
18ce10b0,c7dba5e8-1,2
1332dbc8,5ce04406-8,2
9e576059,f825c098-f,3
b4ae2cbf,d2c5913e-a,3
22830113,de19ae1f-a,4
70ece472,46af5cdd-0,3
148aa401,a135c362-c,2
5437e569,7bc64761-0,1
892659a7,7da00e52-a,3
56c5b09e,090421d9-5,2
fdd35ce2,55b6d10e-3,2
841dfed4,cafa45f9-e,4
a6868963,bb656f87-5,3
62577c4e,ebfe5119-f,2
6dc093d8,3825f76f-9,5
7d08e51f,bc84ed28-8,3
b11ef3ae,6b3feb11-d,3
e4ed1209,f10f6e27-5,2
ac481530,3df02c31-e,3
ff45dc2b,09bfc749-2,2
066dce62,e4637676-9,1
67c5fdf4,4885fdf1-e,1
4945f220,50996230-2,5
144ac601,708ad704-6,2
a5973501,d29842bf-5,3
594531a2,3a3431c0-1,5
aa273462,fac92d7f-e,2
0e3e47af,1fb11b6f-9,2
1c87705a,a2f9f3e2-7,2
0aa5caf4,0e8cfebd-e,1
04d6d800,5d9ef960-1,5
a1fef607,5f71ad74-e,3
bb5d2619,ad3c9d8d-b,1
ebce6cad,f580de18-9,1
f4d7018c,02b3f5ae-b,1
a18d5bb4,2d8544d7-8,3
529c1482,b9507324-c,3
41b1a40a,bc3a7a7a-1,2
5d5b3af7,46067a09-f,3
cf860583,1d980ea4-a,1
06c01585,09a09097-c,5
e3bbe9a3,49908afb-9,5
93a62d8a,aa684113-0,3
fa1105cb,9675e013-e,1
ee01470d,4ee8e600-b,5
11541d26,b8eabdb6-0,5
6635bec7,1202fac1-8,2
355f934f,07c8c702-1,4
2498a9ec,ee5461f9-5,1
ddb4486a,6a51da27-0,5
93d032e8,c06702ca-7,2
891b68a1,1c418a9a-f,3
3908e634,5c275a49-6,5
49efd7a0,36c32f94-e,2
6cd8aca2,e9f16b04-b,5
2dd4607e,1913b9f5-f,5
ea3feaf3,c5776e2b-0,4
e92363ff,bb2afb7b-9,1
267cacf2,0db55b23-5,1
0599c907,6dd643ff-f,5
73aef733,89c2cf5c-5,3
65c000fc,3c2c7bd1-a,4
f65fa62f,8d6a12a7-0,3
9a297ab5,a463e1e2-5,2
b78454f6,e8bdd051-c,3
0d3b08e0,c33a593f-6,5
0bae38c2,9df55aea-0,2
50a7e7f0,230d9649-c,1
47154b02,56e22c85-1,1
44b22350,fb547ae4-7,4
79e6668b,81aa1299-5,5
59417bfd,d0e09be9-c,2
0f2949c3,1626312c-c,1
b3353bb8,aed2d726-1,4
762d6bf4,f9a4c648-b,2
be5f7f30,55781174-b,1
7c19312f,ae06fbe8-0,2
3ce1ce0e,594ef637-c,5
54a54d00,ce5bfe4c-0,2
e7b928bc,8e83d866-a,5
c2c6ce62,02cefb6b-a,4
c0452a94,6dd487cc-4,3
5d999231,65c19c36-c,2
7d7a97d5,9b5e7055-7,5
5a96e989,3e65294c-d,5
737023ad,d45c3dfa-8,5
2d1dbbf3,26348ec1-0,5
dee35fc3,61556376-b,1
cd986aff,4e670a5b-8,4
a6e6f97d,0ac98a57-a,2
7c55fcf1,003d1f09-c,3
586c3197,0595e396-b,3
b1e0160e,ea6be03c-9,3
c9d0d662,757cdf83-b,4
18b2a6ae,5a4aba10-8,5
85bd0114,c54c70f9-c,4
3569a81f,a567dafc-5,4
d8e94022,fdcb2e14-f,1
4ba91354,8e910cce-9,3
47f7f0af,3003f89f-c,2
7432f04c,7036a176-4,1
53449dab,00b3c8d1-b,5
0e7c9f35,bf26daef-1,5
e4b9a3e4,2cc13aac-d,2
374ece51,7c7054b6-b,1
dce2214a,6e609028-f,1
5bbe6af5,7e940f3c-8,5
731ccca0,5ad070b1-8,4
14c9d3be,24cde985-c,4
68722b9b,67d7c91c-b,5
328d03d8,20c99ee6-7,4
aaf45c40,f0b7f510-3,5
4a81e87c,e18a5897-c,1
d3824307,ab613eea-c,3
c49a098e,7f0a5173-a,3
215a7f76,c8df4458-3,2
52cb0816,2cf0d432-8,4
8ece3add,bfd85ecd-1,1
dfa87884,e5714c84-9,3
df6c7670,6a06a69a-b,1
ce4f5068,ac7bf91d-0,1
9a717b4e,12ca96d3-8,1
e2d9e617,6f3a6478-1,1
a6a91079,8ef22240-7,2
0a6712c8,ce0d6be8-5,4
85853e07,1005ef1b-8,1
83d70d13,2bff9cc4-4,1
8d99e314,9f6995da-c,4
cd42d714,c0062d3e-a,1
1d0d42ed,819cf080-c,5
e8e2315a,3907e89b-b,5
fc8a5cc8,8ab8122b-7,2
ea60235a,b5f03124-1,4
4bd289dd,81792d61-d,2
2928d620,5b4b2513-5,5
35f185be,62fa448b-9,4
63458493,a076e727-e,1
7019cdea,85ce9a52-3,3
58ced1cb,13c71160-0,2
ce979d6e,aac59317-7,3
e45dfd34,6e2c6f03-9,1
b080fc6d,0907acd4-7,2
45251ee1,7439579c-8,4
4413e887,e4c206e9-f,2
16c8c193,1e6bef43-b,2
4e664463,8f262ef1-f,2
e95af48a,bb0b56a8-0,3
480c40b5,c65f5cbc-4,1
1d08f709,3ce3e465-d,5
aa95dfa0,0dba9639-a,3
8f9d6293,8628668e-4,3
6aa4872f,ee1c7116-f,3
d3f9e528,339b8269-a,1
b24dec19,bb49caa3-2,4
527b7e45,bf113b2f-5,3
90d0871f,6ad232d8-0,2
4d00dadf,8adce88d-f,4
633b01bf,825343f1-0,1
2136e170,860e5dd3-0,5
0049cde2,99ec5f3d-c,2
3cd036f6,9eab942b-0,3
dadef6c9,ec854f0f-d,5
9044045e,ebe8b43b-c,2
ba004604,828e8cf5-8,4
e2887ed0,f0fdca6b-4,4
66ef6895,f852678c-a,3
1c959928,d3a06e65-a,3
93074b88,d587cd2f-2,3
1ae291af,d8519efa-7,3
1f830c14,5aca3424-d,2
e9b7da04,ffb9c83c-f,5
c89e560f,fc9b7220-8,2
a04400d0,ff1218f2-a,5
183b54fb,7c966874-4,2
0ea1f885,0c723758-5,5
5ce6d140,4dad1419-5,3
065534e3,c8128ce6-f,4
e041ced0,3db407ae-2,3
4a680801,7105de94-6,2
0102cb1f,8be86f7a-9,3
4b8a3ce1,50c30ff3-4,1
9195a0ff,fd65745e-3,4
b77f7694,57b42657-b,2
1cf3407d,9d5fbb5c-8,2
781b02f1,c4f93075-e,5
d4f497b2,d9ac2b55-c,5
8f95228a,ad17107c-3,4
6365cc96,43f505c8-6,1
f1fd4710,c2b44056-b,3
6798abf1,13741e7f-f,3
23e22794,bbdc6651-3,2
f7f92b48,4ce5173c-6,3
6b417ce5,25583753-9,1
40e362c2,272f1feb-4,1
c9d51371,81bf8c6c-c,3
a0c0b305,3d444ba2-6,5
14fe692a,58741ec0-3,1
0439fca1,6a975f71-2,5
f145c04d,3f87a674-e,3
14008bb0,6e039e31-8,1
09b8e30c,d57ebdfe-f,1
b94ce497,b5cae03d-2,1
5c82e80d,56b1fa03-5,3
26bc1cc6,786e085b-a,4
1e2104bf,5be334f3-b,1
c1b668e8,143b0a24-6,1
e540ae75,2902da20-1,4
b1f48add,772798f1-d,4
3f331c72,965ef4ce-4,4
431691b6,ce301235-0,2
40b0c467,94586749-1,4
bea18811,3f4e0fd0-3,1
411a29ef,9b3c5c8f-a,4
e21a486c,51714cbb-3,1
b501d28d,970d3f0c-a,4
8e8b727c,ab34f455-d,1
eb5366bb,df56e5a2-3,4
8837d8da,6d0321c6-b,4
08a6752d,0ad41cff-3,1
17206a14,46cc5efc-9,4
11ba2467,e9b42654-9,1
cf03c6d8,3a45b287-4,2
58e6ca04,6d122b75-8,1
d2933255,73db29d6-9,3
f41adbe9,b36687ef-b,3
caeb735f,a33cd9a4-a,2
e4ab10c7,2b4369eb-8,1
a69ea338,2215cddb-3,5
f7c63887,85693781-a,2
dc0dbfa8,40c78e8a-c,4
4098b81b,c5bb69e8-1,5
03bbb018,7e201cc8-0,3
61780cc4,1ddb4839-f,5
440ae23c,1b774792-1,2
ba58bbc8,3fffc757-5,1
1cf64412,0c531a40-9,5
8add7d6b,13733608-4,5
e4c9e2e8,efc23d58-a,5
cc5a39bd,c98f8347-4,3
172bd712,257bca99-8,5
f3fbacfa,e7e972e1-b,4
069d9e68,aea633be-6,5
2d37b12b,638f689c-2,3
3f77ce33,452b4ded-0,1
fc0f137f,7f84540b-f,3
7a50730b,5a1355a8-c,3
4941470e,4635b113-8,4
addb5998,54dc6586-b,2
6d496aca,9c03e74e-5,2
145a48bb,d903018d-c,2
d960a0a3,a955efd5-3,2
91537fcc,5cdea072-d,3
2a015472,7226de32-a,1
6211b620,1be63723-a,3
178230e0,ce70b83a-b,1
4c628b08,9c22d058-e,5
cdf7235f,9c80f68b-7,3
75d5a2bb,eaf0bd4e-6,1
2fcdb2c6,9823aeae-9,1
f68e5e35,34b2c858-e,5
d12bbb22,08be4b5f-8,3
4c3ee940,f07dfff0-3,4
054dbda0,55767258-f,3
d91f5633,f83c9a9f-8,5
e4cf6aad,2e319782-b,5
d8e741ba,f5406e9f-0,5
064a90e8,9d2666f1-9,5
e0682864,bda21a04-9,2
7c00fe48,4a7d5999-0,1
ed00aa00,e8d63fa7-6,3
df2ac223,d6d06f86-5,3
7dba6d8a,7baf5c66-7,2
eb342dbe,7521556b-9,2
1aa72558,e720ba94-6,3
cd9edb10,887725db-e,4
54496df2,c364eefe-b,2
1d431cd4,e63d4065-9,2
3a6c34b5,9d783d45-f,2
37be8f06,13f8e517-6,1
bb77f1c9,7af7b6b9-8,5
7ccb26b8,d1980e92-c,2
abb31c38,95e0e113-3,1
fe77fa94,baa2239a-2,5
f74f4cb1,c6712c79-0,3
3991123d,074ac86a-e,1
8cf4c24b,1840b0df-0,4
67bc2d14,970c7b44-e,4
c2d31eea,c24d3b93-9,1
90491250,fc58d2fa-b,4
097f2ccb,17e7359b-d,5
d912b7eb,f70dd60a-e,4
cc2c2a64,203b195c-f,1
4e781226,503beecd-3,5
2921198f,c19b4c84-1,2
27bb9508,66dbeb49-b,5
5f7e6988,e4ea1690-0,2
2799503e,2e17abb5-e,5
8383353b,59dc4ca6-c,4
a9483365,a4744089-d,4
d266a374,6f13d2ba-3,2
a6d6328d,26a6952d-5,2
65f5b50d,98fa1373-2,5
a0e96a4e,50abae2d-e,2
1be4767d,ac86b890-3,2
24f89561,76573101-d,1
f00862a4,6aedd577-8,5
43ed571c,45719f00-6,4
d35184fe,5e4a3b63-e,5
894270ec,81356275-a,5
fdd0b0b7,f1f419a7-2,1
994a1cfa,1b8adf6e-1,2
ae5bc048,60d1aaff-6,2
a6c4e58f,c2722564-1,4
678d234e,70038a77-7,2
014b0b14,411d96de-8,5
b3ea2594,f79a86d6-7,4
af04c017,5a21c9b3-0,4
dfb53be4,d4e58542-6,5
af0d5699,ae992cfe-8,5
5d45dd12,a8dc7ad5-e,4
59dd175f,a654ef13-7,2
5c528d02,51f64685-1,3
07bba05f,c336381e-2,5
63fb3f26,d3252599-5,2
72ae5a86,1119a5d9-e,4
be6c3104,94754bb1-a,1
ec701be3,fefd3d88-4,5
bbb3b5c2,bb287ce6-e,5
9663a01a,3e6d5f1a-6,5
9a4f1e61,2f050590-8,2
f6cad0c5,a07b6eb7-8,3
2d3fc0c1,f2efe2c9-0,1
1bcc7d66,0f9b23d4-b,1
9214a7aa,3c4e266b-1,5
c2ecd5b9,ba1aeddc-6,3
4ea030a8,3dd3a0c6-9,1
5ddf14d8,309e09ed-b,3
c266e272,88a25e14-f,3
bde0021d,fb27cf00-b,3
a80c009d,2080ce3e-5,3
24c878ae,74b9a1c6-9,2
7fc67a24,5421b4c8-f,2
400dbaf4,ce358136-a,5
7a0f6041,15983b6d-0,3
f27e1207,7d8dd0f0-2,5
eae2f779,522fb9fb-8,2
ff91160c,6b089f15-e,4
dce9df30,7fb86df7-8,4
c92d8776,61607168-d,2
75e0ba29,1a020527-c,2
21d9914c,e35274e1-8,3
31efc044,5fe8d63f-5,1
36ca8907,c1ea1c05-0,1
1ee3dec3,48aa9a64-c,3
53c0836e,015db72c-0,2
3da3aba7,e3508600-6,1
09642f7b,677e9d50-8,3
666b1b8b,04ccaf0f-6,4
551167cb,e66c1407-e,5
06d390ac,ea8fb66a-8,5
a0944d1e,1cf43582-9,4
19eb99df,6ed09154-a,3
ce065ab2,17e8e153-e,2
ff264d6a,e00ace59-9,5
c2447899,31421ef6-3,5
2ca25b33,c48b3198-1,5
a1e6b647,397e3df0-7,5
ed2e3289,4730cccc-1,2
c97b3e2d,6ac06d61-0,5
008ac58b,941bb2a0-3,4
53e1818f,3baea861-d,4
c0d0e868,fa0af2c6-1,2
d4515858,586cb8e2-1,4
5f0bbdfb,df20c732-7,2
dd7cd6f2,9c83496b-c,3
3bdcafad,49cf6bb4-d,1
847a300e,233f387c-1,1
681e2800,48db1429-2,5
4d77d1d3,d858c042-1,5
18ceee25,2883c4ac-f,4
22cc7cea,dadc64fc-7,5
3175823b,fb9b8a28-0,2
e21f5fd1,f14c6602-a,5
3cfe3f1d,38ca7a74-1,2
cd4393ab,b9814c5b-8,4
36056157,5c564283-5,5
2ece1205,cc4ba47c-4,3
066a0e2f,d79a97af-7,5
2f1fa8ae,63966cd3-e,1
b3c4394e,7f6bc8e2-e,1
cd3d2fd4,9937c112-8,5
18a7315f,81ecd3ab-c,5
0d6a5b96,a476f50b-b,3
c0363e36,965e5e98-c,2
4ce205d9,cb57e30b-c,4
63080f53,a18c2dc8-6,3
99f588a5,d628dc52-4,1
12a6e549,fc41815f-e,1
1304dddb,b9117808-0,3
5d42a5ff,1791f55a-d,3
5bf29639,7160c687-8,3
72567069,274655e4-e,4
e6cbe081,a0af3ec3-9,5
ba25a4d4,a58f35a8-e,1
9e379d53,3ffe4523-6,2
c2252a4a,c20acdec-f,5
e71a6cd8,49bf1cb4-b,5
4619caa9,a1fb2513-7,3
316e72b1,41c59c9b-6,3
0f11e6c8,dd69f824-e,5
903af8b1,27edc33a-b,1
e6a28a9a,b4df519d-3,1
ab421cc2,f5d84932-c,3
ea94aad2,2dca1666-7,2
f9383d86,7af4e869-5,4
ecaeb17c,f355dbeb-0,4
17579278,cfaae2b3-e,3
61dabebb,f9d9bdde-6,3
46788479,f1898a02-a,4
69ced3cb,943bb270-4,3
966cb7b1,68186695-8,4
a002abc7,2ef7f9b2-0,3
3467a8f9,3b735a05-d,5
77dc4e1e,13dfffe6-c,5
9ec98fc0,edae5249-0,1
c66571e9,e9696ff1-7,3
1cb03de1,776fa794-3,2
f17e39c3,a552d4bc-8,1
4c2e1ade,ba62c94d-d,4
5790d253,383c3aab-0,1
8f9251fe,0fab0af4-7,4
0e594526,e5f942f3-8,1
41b3b567,07df35b4-9,4
ddd43296,fe974b83-c,2
9c1af3a0,35ed32b8-0,1
af02dfd4,f7e31ff0-3,5
e7c1bef5,f934d520-d,2
3885e4b0,01d22c80-5,4
92b25a6f,53c83493-b,2
826d3bd2,b18c0e0f-7,3
4408ba1e,0c1b665c-f,2
0d83d591,e9d5ad81-4,4
4e493c65,ee2f115e-2,5
52345814,5a620590-5,2
de7e833d,ecde892a-6,5
2ffde046,f72e811d-c,3
10ff6293,28f61b71-1,4
6281837d,5cff4a42-6,4
4f804eec,2531d8cb-d,5
a4918e3a,3a6f68d0-c,2
c29dbb36,dec78273-c,5
85817290,cc2a189c-2,1
794b1ea3,1f5ed0c6-f,2
189129b3,b2469e12-a,1
e6a4031d,130534bb-e,5
575a90ff,2e43f4f8-8,4
79a5ec12,7b06e4f3-1,4
494e205f,244356f2-8,3
ffcf6748,16470a66-0,2
824cc911,540132b9-4,3
bb2530af,595ac82f-6,5
60473d61,63508b8e-4,2
f9c6383e,25257708-b,5
3dba894a,1482500a-e,4
e1b8ee3b,39f3ffa9-f,4
7970e3a5,bd577fc8-d,3
b298d2f9,acd7f9c1-7,4
6142fb57,3abe5b39-e,3
ccdc4be0,a4248d87-7,4
82732895,ba13da59-b,5
bd3518f0,73bd1e59-9,1
0e7ece51,63f3bf90-9,4
c44b9ac7,72646c94-a,5
9047f8f2,819f0936-f,2
f26ee426,5cc16227-8,5
4ec1bc01,93d9b420-b,2
e5df4881,84262d16-1,1
8e934ff3,7f56151a-9,4
6b9506f3,1a6e3dfa-a,4
040f37d3,b6968744-f,1
d13e8e69,be9d0033-a,2
9751079d,57a18d6a-0,2
0b8bde5a,562a51c3-c,5
1885865d,36e91c9a-3,3
29ca507d,c30ec252-d,5
f95064b0,49f5da4e-a,4
b1b67655,693073b2-c,4
f8e9efff,b79c15f2-b,5
b306a090,dce0fa17-a,4
3f30ad0d,c883cfbc-e,3
03b2bf85,8f95a763-9,1
f25423e1,c70d41ca-b,4
7b48c570,de176f57-6,5
bde07b7e,717ed3a6-d,1
188c6595,07874128-1,1
9b6d0db5,2d8a8589-1,2
94001b21,0e7a2269-1,2
5ecc6de9,d593dcbf-e,3
2c42e5cd,f303f0e3-1,3
d2b333f0,1dfa2788-6,4
0eeae089,03a1c4ff-3,2
7159f3c4,bcf95241-9,3
a1ac7f49,aa363a36-7,3
092a5a44,80478563-7,3
80238ffc,e286045f-0,5
90733f8f,4fd01d30-d,5
b5538ebf,896761ed-f,1
01966801,bb0bd498-7,3
5081323a,f1bc8bc3-c,4
5098abbf,cb47f33f-8,5
64775252,0d67cfca-0,5
683c3f3b,864a88f7-5,4
7cd4d2c6,d1eb1bae-e,2
e1fa3fe4,7d98618f-2,1
c8be2ec5,576c73b7-4,4
8b3bf27b,a2e789d0-4,3
893a6c4a,ea6832c8-6,5
9f0cd093,21560ace-1,4
47fc4fce,8a46b2a2-c,5
f5109550,e3b04091-f,3
e4985f97,66150296-4,3
57c89f75,65f9519c-3,5
29b418a7,741436e6-7,5
0511d865,869241b6-0,1
493c00b1,3b9bc0ec-8,5
40f21ce7,c5d5857f-a,4
d3df5089,c1fcc06b-8,2
7e60caed,87ff490c-e,4
bf9dc5bd,5d86cb7e-c,5
7b86c8f9,e9c2c89a-2,3
31ee86d0,dea0d8ef-d,3
276261b1,1e824663-0,1
ce14a2e7,f6f2dc31-9,2
b512b747,7aafb2cb-3,5
3ab536f9,5f579136-a,5
d8661551,182d97bc-c,2
be52378d,456a22e6-5,2
df3c4407,3cba2745-2,4
1e0f3878,793513ba-9,4
2f779c7b,1a0925e6-3,3
521da082,868d34fe-c,2
f88ba5dc,2efe483e-1,5
0750df4a,42f0e639-2,3
fdb03abd,408cde63-b,4
824c4471,f88ccf3d-d,3
91619757,965b9199-b,5
e6090c66,92e681b3-c,4
deaef9d5,db892307-f,1
83e71ba6,58e7f616-5,5
9210ee78,0b1da022-c,1
a9d0d978,3254a62d-e,2
076f21ca,7310a662-e,1
7e34298b,bc200efb-e,3
adb5583f,b4cfc871-d,4
17136587,5966ef80-9,5
176bbab8,5fc89cd5-4,3
8297a01f,3d2f62bd-b,3
b803aace,476bde88-a,1
1b10748b,916e62e8-4,1
7f8dc9a4,ae245da1-5,1
4ec47a3b,2117c581-f,1
3c7b4f3a,71ec0c67-4,1
c1f52ae7,c4f0d6b6-8,1
b8adfe0b,9faa3baf-9,1
15e54ccd,26dc7c92-a,2
7b78efe2,ae6b2acd-b,4
668862c5,51ae97b7-4,4
413a34dc,d08d3d0c-f,4
78aff56b,cd3d6d2e-4,3
bbb101a4,dd0f4845-3,4
6a3d6535,9896c7f5-d,5
11105ad4,c4ff4b90-7,4
c3d823f3,8e4e44c7-4,2
04638a95,84be9d60-f,2
2f09e4cc,8a364fb0-9,2
f062dd23,b1350489-6,4
e8b9a378,3b93ac9a-a,1
45fc0bf7,b401dc71-f,1
444ac86f,2838e610-5,5
6e9930aa,4d52f6d5-e,4
3ddc5a35,44b6fadd-b,5
92468cf9,0d489bb6-4,5
d1d182ee,e8dd4357-9,1
29d6e060,dfbc899b-5,1
87c73bfd,1967d8b1-1,2
5e4766ea,b6fdbf1b-e,2
080f21f4,a8f5b055-f,1
cb34921b,9107f836-5,1
1584b5d6,2cb12fa9-c,1
22898985,8a9bc667-9,4
bc2ca5e1,d8db72ab-c,4
ed711917,fd6e84a7-8,5
e4fddc69,03f0b59e-9,4
3699f97e,22b092c6-3,5
3e5e2082,5d23414d-8,1
a9e2c4f5,f2a33f8e-a,2
30bffc4c,cde041c3-2,2
6574073f,0708c5d4-9,1
f676f386,a1384978-7,4
2a770607,ef8797ac-e,2
134aa3c5,631f0593-2,3
50d575f9,d34a223b-d,1
d1616d3c,a302d39c-0,2
6f4d3f42,d9bd76af-a,4
dcde3dc0,d1e1c77b-2,5
87c0607b,e58d1c94-c,5
e04ffe82,5156c3fe-8,1
81b461c6,c4ade7bf-2,1
e4259534,7c202cc0-d,5
ef496fef,944a7fdb-1,4
fe89cb74,4f3b47d6-3,1
72996eda,26f8ec46-a,3
2d07ff15,1ec3ccd5-c,5
449367d1,8389d3d3-e,4
c34329e8,9b35f85f-6,5
7002fcea,1dc049c6-4,1
3949fcb4,6e95f22a-3,1
d76e19c6,b28687a6-1,5
7aac4193,e7497b51-f,5
c79b50d1,de8507e5-f,3
9e8a1ef9,491c3a0b-4,4
4715f106,b9d88d0b-9,5
32a490f4,40b12e81-a,2
b247da3d,0cae8a46-9,4
438674fe,f3b35580-6,1
384b7acb,070064b0-9,1
77e477c0,83c49cc6-0,2
f1ae0592,71620d1d-6,5
21bf6170,3e051cec-b,5
45a1a4c3,a2ba75ee-2,4
b4d63e07,281cdac1-c,3
dd8e5c2a,ecadc556-c,3
80c9de66,291f5620-7,1
74903035,e385f060-8,1
047526b7,f6927a38-3,4
b611a9a9,2fe3a9c8-9,2
8d680e8e,7172d13e-a,3
5473dd0f,9c368955-b,1
2c522119,034a06a9-0,5
905dca0a,b874e454-b,2
b005ff45,c6c96044-f,1
c93c18ba,02ffd99a-8,4
71323adf,e3cd92bf-2,5
4199c751,d70c88d3-b,1
4e3ab5bd,b3b13670-2,2
53cc320d,65eef64c-a,5
2c837e21,dc38ea60-a,2
5b28ef12,eb5d566f-d,1
d04a109b,a5917af7-9,4
6579b70c,4b2386b5-4,1
cf41f109,3836d72c-2,1
e9390573,4e29f18f-e,5
0a3b0205,578ea21f-a,1
d6ee8e2b,bdd98eb8-b,2
5a055948,0577be70-a,3
8e2aee0a,4a7a7141-e,1
fe8b4c60,b923e620-8,3
190628ce,b8e04d3f-a,4
89cb8bb3,e11763da-d,2
c18f7689,f7f82ed1-6,4
5f6aef16,4e87d04b-b,3
f43f409f,17552dd5-c,1
437194ae,3ebc5b49-9,1
084b0e23,2ada5e55-e,1
23b9515e,d9968549-7,1
7b568388,ab2d6785-a,3
4f12428e,26c5d2ac-8,1
4d48ec1e,e01767b6-4,2
511a8887,9bea96c0-1,5
9a0fd409,1cbdb12d-1,4
be546b16,02e20c5f-d,1
638fb96b,76f01383-b,3
9a28b00f,b8a69db7-f,3
47f9d151,9f830a6f-0,1
c6e6b5cd,dba7748e-e,2
8350077d,5b190265-c,5
ef040b5e,341ff061-4,4
d13afa90,ce680de9-9,4
f2a41f18,aacc0242-4,3
c7022532,cc07fdea-5,4
885b4e30,c355955a-7,1
22814487,dcf51353-b,4
cd59e65c,e3574b61-1,1
fbba70e8,e716e837-9,2
859f5163,ecbfbc26-8,3
32b7d579,867a9827-9,2
f54c8b25,1213d45d-3,5
4ad92ea0,771902a5-0,3
ce70660d,b940457b-9,2
2b87059b,75488462-6,4
eb44303b,27ab5568-b,4
702daf11,42e7f495-0,3
c9247b05,9c18936b-6,5
c2897794,d14c5600-a,5
3abcdf53,487e8ab5-6,4
417cac60,71cdea9f-6,1
a33d7b0d,48cdb5fa-a,3
c4c69b17,6c2539a3-1,4
8a289896,c1f10b74-0,4
08a65189,d646b6b4-e,4
14aa33f8,70ef0ef5-1,2
e5964ecd,7c549c30-a,4
7c9639e5,a2a1bf06-6,3
79b3668d,27b08b7e-0,3
602ca4e7,5e3a3479-c,5
e0253d12,c84645bd-f,1
7d177a8a,20d69811-6,5
8ed54a67,5919dbdc-5,1
d97962d1,65c809c9-2,3
87d45064,a586b34e-9,2
185a8f78,77b29710-2,2
af0b876c,186eb4e6-a,4
cfbb2cc2,22753e41-f,1
a71b8ee0,d4d94ba1-7,2
a718e1c4,b69f2c67-5,5
2b8be919,f08c4492-a,1
8e7b2d75,b4cdab2b-0,5
1d10d5a7,a0522f4e-1,2
27e8fb1c,0ab6838c-8,5
4ce70e71,bac20164-7,2
fb866ac4,77c8ac60-9,1
890e2821,64a0dfd5-3,1
1c33e307,741c8904-0,5
6773f774,6bb7c64c-e,1
b5a6fd5f,a7c4d22b-1,3
a44ab318,a59a21d3-b,2
1f9e6a6c,dcf6d509-4,3
ed1abea9,61746f09-7,3
b7c3b707,59f12f5e-a,4
7e1ddc54,2450986e-7,4
6720d951,1dc9eade-e,3
d71ca896,0bc9709c-1,1
e69f4d59,ca8f2b35-8,4
d5d1da0d,cd7e048b-a,1
0bfdb241,a845a942-7,2
cc2ae85d,e789010d-4,4
2f0e0bd3,ebcf582e-0,3
c5e1f66b,031a9f8f-f,1
2ae065a3,e9cc48b5-8,4
ad7a00fe,d32f6c6b-b,5
de0683d6,bacaf816-0,4
19c7efc6,49b5a19c-b,5
ce0380de,ed543135-8,1
5c591a5c,d9211332-8,5
4e8a8ff2,d13be26d-7,4
d1ee12da,34a21b40-3,2
a6da9898,1b195936-7,5
fbf88af9,5b93f5af-8,3
e90aeb07,05a6d531-8,2
c427ea12,58fedada-b,1
21ee3aaf,97332847-9,5
4298c35a,4ab25679-d,3
57408fc1,d858e6de-f,2
bcbef8e7,9aaa064e-9,5
45ceb957,9f2ae6fd-8,2
51f581e6,610048f7-f,1
8ef78570,81e3d510-3,1
bedc0d23,6cab92db-2,3
ac5f51dd,ba7748c5-6,5
c33035c7,9ee0c0d9-7,3
0d575e3c,a1823938-6,2
e65b50eb,3adf85d8-5,1
6ccc18f0,01c1488d-2,5
ba80beba,a7ef7bf6-f,5
32fbc798,17ed3053-e,5
45177a4d,7031b4e9-f,3
e9fc3b5d,9b92d58e-1,4
7fd4a6ba,54ef296a-5,4
af1453cd,c92d975b-0,5
cf22fe3d,7cdb7bcc-6,5
1342567a,c6c4e17f-9,3
2803642c,47dcb49b-5,2
05c5eef6,274934eb-1,4
20797b76,2a8fff8b-4,5
3be3ec37,cfa52f4b-b,4
83e7aeff,a3ea187a-6,5
7cfa271c,c0cfe18f-a,1
a81bc91d,55cd19bf-d,2
d61eceec,dcf55c7d-e,3
c1eba76b,a195e087-1,2
3e3ea054,6556f3ed-5,5
ccc156ec,ab459f59-9,1
c51dd6f8,44d13aee-8,5
cc7c3a16,f9a08cdc-9,3
e5a8c4fa,bdff5ceb-a,4
edf95866,9a0f9442-0,3
79f46476,f3090044-0,2
f574b742,32f52e77-3,4
4ceafc78,6a30e7e6-c,4
391837b0,af326e04-8,5
6f8d54a0,30402e41-6,5
e6ef2c9f,b05c6dba-1,1
10c04728,d0a3f85b-f,2
a187e667,94fc7678-1,3
d318e21f,d85e0838-d,1
b0d2c85d,a3749bf9-4,3
9cba4ba8,f609d1c0-8,4
8e5d22f7,cf8a6a42-e,4
2d70ea63,8760cdc9-2,1
78bab0ba,7c30618d-5,3
a80a973c,8cb10081-9,5
4082e1e2,07d3c705-b,1
bcce1ab1,c69340de-d,5
ced2cd43,0af60377-c,5
64c3131e,2ef11c9e-6,2
a5466420,f95ba60a-d,2
6c6bc323,ffa4a462-b,5
bf139e58,059c565d-1,1
7538d8e4,2f9790c2-a,1
78bc03e4,43eb2577-2,1
367bd243,d63a71e5-9,4
85fce914,71ed5cb0-b,1
1a25ef8b,6f74258e-5,3
74d4448b,721e95fc-7,3
4ff0d6a8,7058ce9f-c,3
2d642d1e,3db1bbd1-b,3
c38f4fcf,e652729a-6,3
31207659,7e42ee68-3,5
175607aa,a96d8b06-5,1
172f1fe0,241c5b49-7,3
ff612d9d,fe823e51-e,1
0b44393a,b75e39cc-4,3
16cf536e,eb8bcfba-b,4
5fbd3fd3,fd204ae7-3,2
6b8e78c6,3596eb92-f,5
b17be372,fc12336b-4,1
1c5a1b59,cf38c5f3-3,4
6cf8be42,d8179c70-9,1
8ab3d142,fb8bb5e4-d,1
a316376d,9a9926b5-e,1
3772bd8a,99e30a62-2,2
aa9878a5,4b2d81b8-b,3
af627d91,6f3fb246-f,4
3522f888,cdd4f661-4,4
19dd37b0,5fa64fe3-8,1
15212d1e,6fd4ce69-0,2
48b15e02,2808821f-d,1
1d750630,024bf585-e,5
894dcab4,07cfc2fd-6,5
b4a3b6c6,5e246611-e,2
0142a38f,efbe8e1f-1,4
dc69c849,f721848c-d,2
e57349d9,3da581fa-d,4
937e8781,88283ffc-e,2
74f2811d,ab632513-b,3
053df1ac,090c6a64-2,5
1e9fc577,43944f95-7,2
9536cbf4,a9a972ea-a,4
05e6557c,128bb94a-4,5
ce5bc729,5f29a00a-f,4
00b7ec0b,327dab47-c,2
f85f1b34,0e96bba7-f,3
369f273e,d3cd79a0-d,3
05c75f8e,87b3f6e5-6,3
0bca6ec2,26fcfebc-9,4
ab869893,7dfb697f-1,2
bb2f1a1e,1e8f5c9f-0,4
049740b6,2ef97479-4,2
86861afb,b6bb1f4b-5,4
6ce1b4c8,e5379a31-b,2
9a4c4cd0,e3c44ef7-d,2
e724bac8,159dc764-b,5
acda7306,89a71662-4,1
406c736d,deb3c2ea-7,3
d057cfbd,e02c6641-8,2
133c8a19,b3a6731b-7,5
3f66002c,0444b3e7-e,5
d6a11b96,18cbc03a-2,2
6d15082c,85baf850-e,5
a9f98de1,9336c2d1-1,1
40abc61a,8f2b3ee0-e,1
7f143b66,88a957e9-b,1
9643cc38,41232e6b-0,3
706acfe1,2f4f7e97-3,5
b3733852,10f600e2-a,4
84cc22ee,95a41e50-2,2
7000b247,7b62b19c-f,4
50bd549d,8660e2d3-8,5
9e3a9089,1db41730-b,1
7ff3fdbe,5a6c83a3-a,5
40b01a0f,aaab8a7f-a,2
ed460c68,70f6b05e-c,2
d9345bed,6fe5c6ea-6,3
3567c84b,7db7d6ab-2,5
109dbd80,8132cfed-c,1
562cdfd2,dec191a8-2,5
6d18ec79,52a11028-5,2
8fe51ba5,5a2b7b42-2,3
37a64a6f,24c63a38-9,4
edf788be,f04a8aad-e,1
1dc9d0b0,9ff96c86-e,5
7fad2b34,da8e3eb2-c,3
6bb04308,5385184d-7,1
d9c0aa17,a8aaaab9-c,1
2a658d86,0b9b3d67-e,3
244380ac,2f2961d7-2,1
8e61c4d7,922396c9-5,4
e93602da,bff57146-b,3
6c7ff37f,83cdbe5b-d,3
eb4735e3,ccd15bd9-f,2
00390cf5,7aaef086-4,2
bae0de07,29802c45-f,1
85b74171,5f21f214-6,3
c1ffe1f3,5c4dbe08-e,3
14841db0,540fc545-b,3
3495e6fe,d6af616f-e,3
9ad51b37,05fb83f5-5,2
7384392e,8ad678aa-5,4
a3b19153,611e47e6-7,5
c894b2e1,49bd4399-b,1
6f819f07,be08cab2-c,2
e2130e66,71163b94-9,5
63ba81b8,b671ec0c-a,1
82abf471,ac551181-6,5
e7eab712,96332841-4,2
6c67da1a,192148e8-d,2
bdddfd8f,5deea061-5,4
16ed50f6,253f8125-b,3
b9054add,61ce87ca-8,5
bc601032,48dde606-1,2
313c6da5,0f93e3db-f,2
515c7dbf,5c344a6e-b,3
77df82ca,250519ce-c,4
dd3554fc,f620d94d-8,3
5922b060,5a3adec7-d,1
28248fbd,a4a2fdda-e,4
dff5463c,8168dbcc-a,5
f12658a2,5ddc0052-e,1
133c23df,1676300b-1,3
eb962cf1,861acc2d-e,1
a506f7bf,d308f981-5,5
dca155eb,23b0c06e-4,4
3d77ab6d,b4a1e1c6-8,4
bd612ab6,e8e89970-a,1
baf84657,25d4249f-8,4
e608beb8,8249738d-4,1
1a9a7605,8ed95f0b-0,2
bf437b87,8b1f209a-9,1
f9b3c134,ed83742c-8,5
98e3cfed,fbc2def3-3,1
c094a6b0,db2c1f3e-1,1
c904130b,3c025691-9,4
bae27fb2,6a6da424-7,4
02ac79ab,61d4d31e-c,3
b46c76f9,456dd49c-a,2
86aa1cad,386ac42a-2,4
2a59f763,fe3e592a-f,3
c2a32605,d4f8bb14-c,5
be409e17,e504b46b-a,1
1b011b03,0163c4eb-b,2
fe0b3a08,e671d436-a,5
4012628e,f4a06faf-9,3
59d6802d,b489b2b3-b,3
e513db7b,e9c79473-d,5
c2dbb365,b1686020-0,5
9cc5fbec,2933f49f-c,3
933b28fe,6cff7e5b-7,2
b20c44f3,605dde07-5,3
d0756e35,ac3960d0-3,1
f79b5065,4c3fce3c-7,1
cf4ecbd8,c6297969-c,5
5c5fea0a,1a41a273-7,5
cf052449,3821c082-a,2
1c56848e,a0806601-f,3
679f822e,c71fd02b-3,3
170d8114,d8f7208e-9,1
1d800681,13a0fb92-0,1
36f1d6a4,348eebab-6,5
a29c7520,e845627c-e,4
27a4d0b6,eca4c411-a,2
aba9b6cd,2171a7a9-3,5
45990e99,081c867e-d,4
51b8659f,a2ca0417-c,3
d4aea824,0c8235e6-1,4
ac876e50,6d6f9b42-8,1
d9d623b5,bc16cccb-e,4
a3c23e44,b4fd3311-4,5
b9d3f539,3bf3112c-c,4
ea39eefb,41409b71-d,1
692bf856,75fb7c82-7,2
7bd56994,632f132c-2,3
fa092e4b,6782d91e-a,1
83fbff44,5eb79b27-e,5
7381e0d0,6ad98a9f-a,1
a670093e,cc6afc23-3,3
1e362183,72a2a739-6,4
8cef3e84,06f04616-9,1
83cbac12,4767f4f9-a,5
dce5dd34,d4b67c79-9,4
017b4433,11bc8942-0,1
e3949f2a,ae94fc57-6,1
87114b66,c746b898-a,3
dcefc553,492eb03f-1,5
2854d5ba,4c69c893-e,4
2f4b4df8,fbc99468-d,2
178fed2d,d0fde69e-d,4
5c010a41,b061f870-c,2
3baef1f8,195cfd98-7,3
ce962901,6eaf6197-0,2
7a030df0,282631c1-5,2
668d21ec,6802eae8-d,4
9ec32d45,3a69c3a0-d,5
b9ffab11,19db04e8-9,3
9b57819e,fa06d96a-a,2
d1fbf9ea,a121de58-6,2
d5498008,6714d9f5-0,2
1e77e045,6f933a3f-7,5
469d4f94,2a3c4165-1,2
e52c19c1,62618c9b-0,5
48a6965d,51ea777d-f,4
84cf2969,4308730e-9,4
b4ecbe57,136fbb48-c,5
1a7c338d,17a0e86a-6,1
fabf88c3,2245ba41-8,5
744533ab,656c4717-e,3
6206893b,2fa4644f-f,2
df836a74,803ed1ef-4,4
60df4c06,7cf4dc07-6,3
fda13bbd,68931536-a,4
04c82cbe,5e363698-2,5
46691b96,b5e7c030-b,4
6b4027e1,9c1c55f3-3,1
938ea3dc,0e574c91-5,2
e7b3665a,b81a2d01-e,2
5740a88b,a937b54d-f,2
07e93a67,66bc7e84-f,2
8b962cd8,5ed1a6ec-f,2
b8b790ba,b4223b18-c,5
d43d0f46,ba30a600-6,2
def9391b,00d20e0d-6,5
108549a1,3ef564dd-7,5
46b85373,fe6ad58f-0,2
aca166ff,aa78760a-b,5
e10e5ae0,1d053cf8-1,5
10dd7b6a,26a27ad3-4,2
b688c922,49502edc-e,5
4340e57f,7e6780ba-b,5
3cbdfed3,1517ace3-f,3
dcb8e001,b92d62e3-c,4
4b218561,ba598345-4,4
aabe4748,843b8f99-f,2
6ac4f758,46ddbf2a-0,1
51333644,0ded6d51-b,4
7ce34b86,b34abdfb-8,1
4b3462c8,3281432b-a,4
84c8da13,f6e1973d-d,2
4ab2d973,46d205d7-b,4
d20acbb2,5c0c794f-c,5
d22e24ba,51c2dc56-7,1
ad75dbc6,8a77898b-8,1
5e1614df,ad9581a4-0,3
91932784,1306885a-f,2
bbb99958,b1920f07-6,1
0a1152f5,9366eec8-b,2
33988d4a,8037dc93-a,2
e37ad791,1a0d08bb-d,4
0741d501,f7ebaec2-4,1
47985b63,0764f6d3-c,5
8c2d1a9b,a8d1277a-0,1
cea988f2,102b9ab9-f,4
8dcab187,0e9d8aba-c,3
f57cdfc5,a2137180-3,4
25f82afb,cda05d56-5,2
bfc7a09a,6ec7b270-1,1
dfb9395f,3d9280ac-8,3
c9e3855e,10f11f18-5,2
dd6f3a7f,d2c02693-7,1
6aefe8f1,73d0ed60-0,3
0a8206f2,e4da43fb-b,3
a23d00ad,dfae4cb5-7,5
5f80fc1b,dab77002-a,4
32a6d6c8,918372e9-e,5
fe3cdb6b,4baa2a93-c,5
32e20e76,f0bf4f4a-e,1
059a7bab,74b85d53-2,5
af09b01d,b9c5a1cd-8,3
0c24ecf3,55ad51a4-7,2
7b93fe5f,f209e50b-6,4
2c3e4736,bb22db47-5,1
7c18315f,0d17cc68-f,2
96795135,4ec3a5c5-c,3
42121dbe,c6aa7b68-4,5
1f28730f,d02581bb-6,2
409daa69,0063786d-0,5
08b2f5ea,8cd97b59-d,4
f5c89ec0,10f30747-e,5
f6e401ef,758e2e7f-1,5
ce00318c,749b802c-a,4
a6c95d7b,cb658966-e,5
2c0885e0,df9f33f5-1,5
276c64b5,178b783b-5,1
042f7bf4,2f18091d-4,5
4247e6a0,ed0cc782-d,3
ef2f2796,2ab6358d-4,1
da4f8e3e,24913f2e-2,3
1e93ade3,793b5123-c,5
46b8e9cc,835fac32-5,5
23c2d847,d63815b9-c,3
8febe2bc,afb954bb-f,5
b6c3219c,694fc02b-a,3
e54feec5,cef56506-5,3
0eab45b5,ef4f7c42-e,4
7a1fcf47,0b4dc863-c,2
09e59ae1,7ebc97fb-b,3
2097921f,918b5f9a-3,3
cc24c3da,c548cf2c-b,1
b07db0f3,df747575-7,5
127d2dcd,827e917d-5,1
07d9828a,8bb1e074-4,4
0195ea56,4678822d-d,2
70c9df00,521bae69-4,4
394508f2,102c84db-6,2
1dac4ff2,ebe13d4f-7,5
b005a380,ae024f47-f,2
635563e5,6bf29c21-b,5
d655a92b,44554ff5-b,2
188cb370,0bf21190-0,3
1d8925f0,0d81c583-f,5
d1481060,0b2ac28d-3,5
976b6ed4,151f3148-4,4
f6460f4c,43f85fc8-5,1
68344bf3,7d749d16-a,4
762d13eb,2bd88536-d,5
1aad44bb,6d385880-3,1
e372861d,d7dc3c83-7,3
e7346b49,2acb95e2-9,4
36fdc5a6,db768ef3-e,3
9ed4fdbc,c940cc52-a,1
a6cc16ab,72ce314e-c,1
10b6a453,8c735cf6-6,5
ec61371d,31068fbd-5,3
60dd4207,5abf64dc-f,3
60c95485,d65380b8-b,3
e7975539,ccdca36b-5,3
89bceeb7,2739d8a4-1,4
205a7efe,a537747a-b,4
ae6caf94,5f56f43c-3,3
46bfad22,080b71c4-4,1
76a2a7e9,1df2222c-7,2
51a1d498,6ee9e3f0-3,5
13ea1730,9ec84b7e-f,4
3a07a85f,7199581b-3,4
42e37951,5ac642e8-2,3
aee2eea3,0deb5462-0,5
08602a9c,359b2172-9,2
0fe10855,737eae8d-e,1
03e10273,006cd2ab-5,5
14033a78,1b9cd71e-b,1
e6d67df5,742b2734-0,3
5c5c3e7d,525a3c3a-f,2
5bac2533,35fbbd87-6,5
76a73fcb,4b6f292d-e,4
09c475c9,780f63d6-5,3
042ebd5a,880c9bdf-3,3
a9501881,32d01cbe-c,1
4566a916,3a0c22e7-4,2
f8c40b69,142c03ad-2,3
d7f9020a,55edee38-f,5
b86a1a14,6e863b90-e,2
4f4e3013,d1c954d1-9,3
5f51da20,27bea5fd-b,2
075fc126,ef3c93eb-7,2
7c055a85,34f7ba7d-c,3
3f6b72a8,476cb286-2,5
b1d7cceb,593f72e9-e,3
cfd46626,07f7a673-8,5
d6374469,cc64be0e-f,2
5f478ba7,4a8b4b0b-b,2
3e84f488,61e20ac1-7,3
79398983,904999a9-7,2
e23fb2d5,baea080a-9,4
0bd68fc8,6e3beafc-d,5
9077d76e,e5937e20-5,3
fafe9fea,5e1ac35c-a,5
3598a6ef,d11ab1dd-a,2
78674cde,7db532eb-7,2
d48477b3,8bd5e64f-d,1
33a45bd6,7ca7107b-7,2
2da6d115,addbc2a0-1,1
d9a17f42,4ede3d2b-a,2
4fd7dd5f,055a9bc5-a,4
2cd8b0cf,17ede104-6,1
03905f28,a262c069-4,4
d1268d51,905cb450-c,3
748316cb,e6ddc669-c,3
b4740a01,156f7e2b-9,1
f3ee36a5,9e533c02-7,4
b5518394,ab6bdbee-3,3
18e92cc0,72d77546-2,2
9e9f2f6e,437789ec-5,4
27299b68,583179d7-5,3
c9964d37,6c21e943-3,3
b1cbe03e,55b3a852-9,1
20a55aba,76fa1c92-2,4
3d66faf7,1fc03817-d,4
12ae16a2,70fce63e-6,3
84ee1b6b,7f734297-4,3
7b6ea10a,9a49cb15-7,1
c4367af6,f5040cdd-f,4
f6e5f5b6,e0cfa3c7-3,1
016c1e77,38d4979c-c,3
7d05e2f6,97113d45-4,1
73d0692f,52a56ac7-c,1
cacbbe34,f24afeb8-c,1
b98e327e,a21685d4-7,3
66daf218,ee6efec8-8,3
d3c564b9,27f233b7-a,3
38a1a724,b169d475-5,3
5a3d3299,9a743f52-0,5
8d7f8c49,14607706-8,2
43666819,b9334bd5-4,4
93db7ef7,077818f5-8,3
e8a5a7d6,19ebba70-8,4
fde47685,d6bcd01d-c,1
d259d921,28a99b08-3,4
b1ee9973,8d0c9e1c-c,4
cf1e2208,5dd81ddb-f,3
c88d310c,af7b0fdd-7,1
26a29655,572dd8d9-2,2
46b58d00,4e553a64-6,2
012f36dd,34469e0b-6,1
f2df6fa0,2e962d53-a,5
7b2c75fc,e1fcc349-b,3
d79e7736,bb922b32-8,1
2ad94b3d,056e009d-6,5
ef5bf3b6,333bfc25-0,4
15de560d,2e895596-b,2
7b940b3b,463221f1-b,1
16dc2dab,0f7f7a5b-4,3
03dcfbb3,f0250a8a-1,3
e47754a9,23c39afd-4,5
074c931e,53bca148-1,1
9ecfeca6,72d6c5f7-5,5
ae345248,03373a01-a,4
f6882c89,747def18-0,5
3502c114,ac440998-5,1
be689e12,6181fdf3-3,1
45a007f7,d7099b67-2,4
3cab368a,34053ecd-3,5
b7dc85d0,c5b994a5-5,3
909ddd04,478bc891-e,1
e8285de5,26e42f88-5,3
96f8bb90,e2da2cd0-0,4
a1a7c1e9,67e41f7f-3,3
148a6381,20f883e0-e,5
9b9e991f,55159488-d,3
a3be818d,4ca008f8-5,3
5bf80274,7ad050b2-d,5
13a9654a,1f5425bf-6,1
8b1beff4,7d2f6da6-1,3
05ddf6b9,d9dd7305-e,3
409bdf76,9e1cec60-9,1
2fb404f4,ec441d57-7,4
9514a796,ecc1678f-a,1
c79eeec5,1fe8c373-3,5
797b1952,02dbf50b-0,3
ce0d70d2,453cf006-6,1
62a96dcf,6ff77386-0,2
012757e3,a2a42e9d-b,4
90c225c7,01b89dba-d,2
7760f082,1354da2f-5,5
c8d6d2c6,f42e7272-8,2
d726fd8b,ceaa19e1-5,4
31cc9c2c,d18ab621-0,4
03b923e5,c0b25d1f-c,3
54514b05,ad81fe37-e,2
5c28156c,e76f4d92-1,2
22f0569f,f812b493-1,4
50e8f967,43c1b6b4-6,2
3cb0b368,8be0f5e6-0,2
d41c2ce4,0288af94-1,3
1744051f,73d60386-6,3
6a689dac,7bbb6c0f-c,5
388acc9a,72bc456d-d,1
00d5f96c,f715aa03-c,4
dd89f628,2d25d93b-6,2
1b863eb3,f4d910ca-8,2
dc708102,9fecbeb4-1,2
57db9bf5,0adf42d6-e,5
8199bac3,ff781f26-c,4
d23c9a23,406b9285-e,4
310c7ad6,244ed32c-a,2
0d1478d4,62004d3d-c,5
29603095,e6e89737-8,2
deb7df38,610b6881-1,1
56606aa9,f74a5439-c,1
18283fe9,633b2814-6,3
5a3a8a84,b8877827-a,1
ea6fd1f7,0fab213c-b,5
9fe458f7,043c6198-3,3
ffda47ed,74814259-a,2
280e0662,12c5bcdc-9,3
0a1247ac,23bbe375-4,5
f1345c3d,35daad88-b,5
cd40736d,ab4d89bc-5,5
5cfc1b16,e4101576-c,2
a2340b74,5e3d48d8-a,4
8939cf34,e7b0cef4-d,1
a70e28bf,23a7ef19-c,3
dcd66030,f8a2586c-3,3
91bbc996,46fbdba0-0,4
ed1329e5,8b31b952-b,1
78ba8e2a,127e6307-0,3
79a7f671,aa9b03db-e,2
00e52bfe,5461de47-f,4
35227ad8,077b1915-4,5
67b4bb5b,71acfa5b-1,5
be6086f7,8255795a-a,3
19d43000,ca5ffc90-b,1
a5b9d3d5,6ddaa573-1,3
4b1faad3,50dd3bf5-d,2
af4a1e47,6bdaf3da-3,3
023a0824,35f0a72f-a,4
f716d5ff,b360449a-b,3
7a4dacb1,d973b6bf-e,3
b4b2dce1,a6386230-6,3
4125319c,7443ec94-2,2
80f26166,e0af5ec8-9,5
0b18eb06,e71ea629-6,2
c3f8a8e7,31d6ea4b-9,2
604ceef7,4d8f3de2-c,5
d60f1a32,0c380286-a,2
27974553,64a99f5d-4,4
244e736c,f8c2cf0f-5,2
c9984620,7c754cd4-b,4
da7c3445,96c4910e-e,3
f027621a,ffc76feb-5,2
a771dc00,122ea7d5-4,2
d37b25da,74847d91-f,4
44855e31,b6b50ccf-6,3
d48d9f1f,cdf2289c-6,4
2157ff60,0bb3b1f8-b,3
4459da09,65d4a06c-3,3
e0960b4d,6cf8083d-5,1
17542880,93af15e1-0,4
5f9b4c27,81b33def-9,5
df5ea820,0774cbb9-7,1
4c81ef62,53da8163-6,2
91879a7c,d3ec1491-2,2
97f8db88,6b482634-f,1
7bd0348c,cce3b781-9,5
dc0b7ad8,ecfee708-c,4
903c2a1e,2e625d0a-e,2
971538a1,0cc21bc5-2,1
f6c5b1e3,53a5a769-f,4
5cb4b14a,69c701b5-e,1
5f4c9a63,a9a54bb0-7,4
da638daf,8eee2c96-a,1
d0efc96c,f36c3d78-2,3
49d60975,22e240d4-1,3
adf25ccc,31f57700-9,2
701e2225,66e16cc8-6,5
ff1aec5a,2e589993-c,4
2d03157c,c7ba1a27-a,4
7faf145b,f4d23f5f-d,4
a33bd4fb,e852197d-c,3
ba01f031,c9730c6b-8,4
67526a73,021b5323-6,1
b8eb1581,75361d13-c,3
cc9a4a59,67c6110c-d,4
10a9dfd0,de3193c1-5,5
d05887e3,27759c80-c,4
35190f96,8e4f5f67-b,1
7936042d,78871f14-5,1
234be188,f79b493a-a,3
e88f788c,abfbb29e-b,4
10801644,66735ed7-1,1
d80ad3eb,6afcbca0-5,1
8921b076,0fdd5b3a-3,4
d94f7995,12e1b808-8,2
9af56311,8556e66c-8,1
fed09ac7,8f607500-f,4
bd91326f,fca49d30-4,5
1711938b,2e17ee27-f,3
4f561f14,22ba3bc0-4,3
863700b9,5f14d968-6,4
9792cfef,325aa7df-2,1
09082595,6bf09eaa-b,5
d0415285,ddc5cc56-d,2
c8d33b31,454a18be-b,5
efe70bb7,1ce53602-d,2
97f73aeb,cac7db78-2,2
078124d1,0a92dd28-a,4
bcadd0b0,f01362a8-e,5
7cfdff7f,88c5852e-1,1
39065b8b,ad70a3a7-d,2
b446a986,d8da0c70-7,1
4c48c374,3a293082-5,2
aa0830de,2296bad7-5,1
a9eaf38a,2a7b7a77-b,4
16dc86bb,fe7b7f45-d,4
7cfe5175,6bbc1f47-3,3
0d128e62,cdeb8fed-1,1
215d2ce2,55d34999-4,5
50793953,d8f37fb7-4,2
4905b683,669c2558-4,5
9bef891d,9f1e246e-7,4
e703a85c,ca5ade08-c,4
edaea13b,7f65820e-3,5
bec57e40,c8fd6364-9,5
e51f7ec4,63590819-0,1
a6e87160,6ede0fd1-8,2
02e15abd,ed1ae875-7,5
6b2ce843,96967760-1,2
5c426b3f,8273b4d6-a,5
a4f838a3,9ce572cf-c,4
c02205a7,c5c953dc-1,5
f7d947da,76fabe22-a,1
dce09756,2708706b-f,4
15bbabf3,f2da22e6-4,1
a73c44c3,9d71623e-6,3
fffca9db,260967ac-3,1
d040767a,353f3937-0,3
dcec950f,b69ff3d5-0,1
11a0b7bc,605d4e9a-9,1
17cca69e,cf241107-4,1
8eebaad5,f4e68cb9-c,4
3e4bac03,1caa8cc2-d,1
f2c1aeec,fa74c07d-0,4
02548f78,5fdc50b4-9,4
4bd454f2,816750a6-2,3
3199bdec,52dab7d3-2,5
1f4fbea8,2248992e-1,1
17ea7752,eccf2ef5-f,1
42139082,0fd849b9-6,1
23eb2059,aa0dd417-1,3
e2b06600,949b68fc-4,1
44e06509,edd3115f-f,2
09525f3e,f25ed4ac-f,2
b045adae,c10b4517-2,5
39534104,1432e84a-5,1
6c0ef9f4,320ed873-2,1
34f377cd,ae12cb5e-b,2
e4503649,424145fa-f,2
9c92e75f,fd6d8c56-2,2
c8ca95d2,60fad8b3-2,1
3474bf64,2752a4e7-d,4
daa878b0,8d54a85c-b,5
03fa1b88,9d7b3a40-1,1
c167a9ff,208c25b0-f,1
bd34d0a3,e923ddb3-0,4
0fd2f768,6aab4de3-c,5
501af596,c4b7e49b-3,2
f92df21e,eecc66fb-1,4
72f040c8,51f611f7-5,1
5f990d55,b73fbc73-a,2
5e123a81,7780976a-a,1
4c90253a,a38718aa-1,3
a418bd67,08d26d88-a,3
828a1016,21c515e3-9,2
bed6a723,1b6d2e70-3,2
1097aa00,42eaef55-d,1
d290ed45,6e38e927-b,2
72e7de49,a51a4ade-9,2
dde45136,731d74ce-8,2
dc061c43,4fad634f-d,1
15375b7a,8679b68a-2,1
18729857,44750fc4-5,5
57cf5b46,a595d509-9,2
c10237e3,654b3879-5,4
11ca9164,3bf1555f-e,4
ec1b92c2,e11430ab-8,2
aa5ed28b,16f47d8b-3,4
c4b18ff3,57a2108b-b,4
a6021b76,72bf5c3c-e,3
be71f7a5,11183869-3,2
fb538ced,d4ab229e-c,4
4d1a715f,21f8295d-0,3
c30630f7,2fe45a62-d,5
b08c75b4,802e2598-a,1
67cc6644,4f214f6b-a,4
27016f42,c9254109-5,3
d2d4b9b3,35118dda-c,4
cb79a803,afb2d617-c,4
c5eb383c,4cdd9fa5-1,5
e7ba49df,3d9448a2-d,4
8a72634d,2dd9f21a-9,2
d8537c7d,e32822c0-4,2
755d7fe9,cbfe0b39-9,4
73b0732b,f2abc93d-7,3
f8cd3c03,5c34ab2f-1,3
0888b113,9cb987d3-7,1
5e8e658d,c30789e2-2,3
54caabdb,27086972-3,2
9049f512,93701244-6,3
bbb92935,ef09e847-4,2
421a5df2,672bdc23-b,2
0304a5d8,4581d011-b,3
4350a1b5,89023a7d-8,2
ae1e6f3f,0d1afa5d-a,3
323b46c6,e7797ea9-2,4
d9d6eb5d,9541684d-3,4
a59c3e17,694dc185-6,2
310ecc50,fddffc2e-9,5
fd42a231,cecae3dc-8,1
957ba512,d2d8de8e-9,4
cf39e3b6,20db9273-b,2
3fe0d733,dc3e57fa-e,4
5bc9bcc6,990c64e6-e,4
59e8d716,909a3085-c,1
f144573f,f8947636-8,5
d0cca08b,c803cb4d-f,2
46de6e12,af1f5832-c,2
cb976f6f,05611fde-f,1
6852256e,683396d0-8,5
d9b6aafd,fb547e8b-d,3
a7bf5d50,75a51dbb-6,2
cdb8c480,511ebbe1-b,1
2726ae9c,cfcf8a79-4,4
14974d49,fd3b53af-c,4
20af9383,2821ebc6-0,3
ff0620fc,e4f7dbbd-b,2
097e0691,5e070719-4,1
c752d202,dc89fb50-2,2
03a8069a,9ec5b085-7,2
ad0e6c75,3d35c39c-5,2
45b689eb,19df81cc-7,1
6e6f14b4,b515ad91-9,5
f19d241b,03440158-4,4
6967f624,7803ef47-f,3
e57a5769,ab788e03-9,1
b18caa07,9e01f018-3,3
bc1fe366,bbf5a8c4-c,4
027fe2aa,9de4ed40-3,3
e7a1a25e,279b80d2-3,1
f5621bfe,bc3d8d56-d,3
aa5fcb35,cb1d13bc-a,3
e5d18746,ab743503-5,3
6a0bf80b,ad062ad5-4,1
1d3b4cbd,c201b757-7,4
84b342df,f2226ce1-5,4
86289c63,c0c0bc6d-5,4
2a202e20,2c094686-a,1
9f470f3a,434e63d4-3,5
3123e3f0,fa9eac42-d,4
a5b943ac,beed46fa-3,4
0a3ca68a,f4a35930-c,3
939d3a3b,b15b2799-0,2
32c80a92,7184cb78-f,5
ebe00762,89622171-7,1
61516c8d,57bd01e9-5,3
a4882f62,ed994c1b-8,4
93ce878c,c7d050f3-d,4
140e089c,47489c4d-c,5
137307da,17d2f080-1,2
372fa176,b1fa8814-7,1
fbfdfbb1,8a686224-d,5
819d4337,a68ea643-5,3
7d3d5bce,6b443db9-7,2
ef2a5e35,9e0e3d1d-9,1
d646700c,585b0773-2,5
6bcd9d7f,ae83104f-9,1
9622a93e,2e3d2cff-e,2
1c587631,5dc3861b-a,3
bc3c0bbe,5c512226-0,3
64f39542,cabdd327-d,3
02ea58e6,b371fcde-5,5
1bc373ee,b45ef0eb-6,2
2a815054,8402c6f6-f,1
90a64934,a2f456bc-6,3
6644ad14,cd15baa4-6,5
925dcde3,c5855ed0-1,3
88e7a084,aff28293-4,1
a23cc45d,48abeefb-a,4
56813cff,20ed3090-1,3
b2977fc7,57d63443-6,3
3d080554,9e94c33f-a,4
2a1d2b27,c6bc8604-1,5
fef3b4d7,f98164ab-b,1
3bea58ee,38ffeb9d-2,3
90bad297,d34354bc-4,4
01365196,f6e5b45b-1,3
ef9fbda4,444025dc-a,3
12ada465,3ee2d742-e,3
67475da1,7d8a413d-2,5
db89ad76,14316b67-4,5
d80cb54a,32cefb76-9,2
7764e9c8,d3e39266-3,3
635a5c98,1cda4de8-a,4
b6d93334,503f3f21-6,2
703cf4c4,ae7411d3-2,3
b8e96ec5,d2715a4e-f,5
d5d8192a,954b6084-d,1
d49c1938,b894955f-9,5
4674ffc8,90083387-2,5
c94b1a1a,31706191-8,2
ae262d85,f0f93bcd-c,1
e9ad7995,a41c5d52-d,2
efcf43d8,240cbb3f-2,4
bbf18e01,c957a166-d,5
4fa93089,59771ab0-8,4
4e69c8b2,8e123634-6,3
59b1a413,6a59db47-e,3
860101ea,68867ed9-3,5
fcdfd494,5420918c-0,4
67abda0a,28714133-6,5
34ebc1a0,08838c2c-9,3
1defd3b1,c39a4f16-6,5
0611293d,b4f67f96-9,4
e73ad07c,a5d07442-d,3
